dF,dR,dC,dt,N
7.7066e-06,2.8043e-06,0.00036474,0.001023,1
1.9496e-05,1.1746e-06,0.00016309,0.000694,1
1.5778e-05,2.1656e-06,0.00014898,0.000858,1
2.0948e-05,4.8007e-06,0.00032202,0.000649,1
8.0902e-05,2.5008e-05,0.0048255,0.000744,1
1.8533e-05,2.5214e-06,0.00034545,0.000923,1
2.638e-06,1.049e-06,5.4803e-05,0.000639,1
3.1406e-06,3.363e-07,8.0905e-05,0.000694,1
1.601e-05,2.1281e-07,0.00030629,0.000612,1
1.9442e-05,2.2607e-05,0.00029315,0.000697,1
2.003e-05,1.3553e-06,0.00028727,0.000254,1
1.4796e-05,1.1004e-06,0.00016846,0.000705,1
2.7315e-05,1.2626e-06,0.00027693,0.000261,1
8.8919e-05,6.6746e-06,0.001115,0.000261,1
1.487e-05,2.4919e-07,0.00013537,0.000699,1
5.104e-06,5.4653e-07,8.7339e-05,0.000148,1
3.23e-05,6.3305e-06,0.00035951,0.000133,1
2.537e-05,4.1938e-07,0.00045504,0.000236,1
3.3921e-05,1.316e-07,0.0005344,0.000959,1
1.0244e-05,4.1053e-07,8.8223e-05,0.000161,1
3.0436e-05,2.3899e-06,0.00059418,0.000258,1
8.0738e-06,1.0292e-07,0.00011171,0.001161,1
6.8909e-05,8.8784e-06,0.00062425,0.00016,1
9.0164e-07,1.3428e-06,0.00011345,0.000257,1
4.2202e-06,6.2918e-07,4.0753e-05,0.001004,1
2.3124e-06,3.1006e-06,0.00012175,0.000252,1
0.00024578,9.3267e-07,0.0036727,0.00107,1
1.6252e-05,9.3602e-07,7.2073e-05,0.000149,1
0.0010482,0.00018348,0.033651,0.000154,1
1.4405e-06,1.0615e-06,1.2539e-05,0.000743,1
4.2738e-05,8.4562e-07,0.00053897,0.000159,1
1.6569e-05,8.1898e-06,0.00032847,0.000138,1
5.5915e-06,7.0005e-07,6.1384e-05,0.001224,1
1.4431e-05,1.0996e-06,0.00021459,0.001086,1
6.9195e-05,9.4362e-07,0.0010129,0.000265,1
9.3509e-06,5.9175e-07,0.00010393,0.000251,1
0.0001288,1.5377e-05,0.0019342,0.001086,1
6.2419e-06,4.2934e-07,0.00018754,0.000151,1
2.2251e-05,2.5877e-06,0.00027152,0.000686,1
0.00020954,1.1182e-05,0.002303,0.000155,1
9.3544e-05,4.4092e-06,0.0012429,0.00015,1
2.3277e-05,2.3922e-06,0.00042403,0.000756,1
3.6122e-06,3.4177e-07,4.7222e-05,0.000151,1
7.5924e-06,1.9199e-07,5.563e-05,0.001152,1
0.00015103,3.0796e-06,0.0048553,0.001035,1
3.4938e-05,5.673e-07,0.00041693,0.000157,1
9.671e-05,1.0641e-05,0.0012626,0.000151,1
5.8657e-05,1.8103e-06,0.00085801,0.000155,1
4.7809e-05,2.5781e-06,0.00073709,0.000159,1
0.00011991,8.1826e-06,0.0027635,0.000152,1
3.5253e-05,2.009e-06,0.00041465,0.001025,1
5.43e-05,5.6961e-06,0.0010898,0.00015,1
0.00010647,6.3384e-07,0.0019707,0.000159,1
1.959e-05,2.8445e-07,0.00027486,0.000152,1
3.084e-06,5.0555e-07,6.0576e-05,0.000144,1
3.3997e-07,7.7332e-08,3.6972e-06,0.000148,1
2.6342e-06,4.251e-07,2.7889e-05,0.000233,1
6.6301e-06,2.342e-07,0.0001028,0.001045,1
5.1436e-06,4.3241e-07,4.8621e-05,0.000147,1
5.2732e-05,1.0634e-06,0.00066075,0.000148,1
0.00013117,1.6307e-06,0.0014498,0.000143,1
7.6541e-05,9.7773e-07,0.001351,0.000927,1
1.5845e-05,2.7152e-07,0.00022873,0.00015,1
8.8379e-05,4.2343e-06,0.00092227,0.000161,1
9.6127e-05,6.0682e-07,0.0010812,0.00016,1
7.836e-05,4.4569e-06,0.0007745,0.00015,1
3.4041e-06,6.0708e-07,5.3433e-05,0.00085,1
9.5969e-06,7.96e-07,9.0821e-05,0.000161,1
9.4831e-06,9.6476e-07,7.4672e-05,0.000153,1
4.5398e-05,4.5393e-06,0.00038779,0.000266,1
2.2958e-05,9.1676e-07,0.00023117,0.000256,1
5.3146e-05,3.7696e-06,0.00070423,0.001019,1
2.7592e-05,1.5047e-06,0.00034585,0.000151,1
4.8104e-07,2.8316e-07,9.8553e-06,0.000146,1
1.0899e-05,1.9975e-06,0.0001396,0.00015,1
2.5653e-05,1.2219e-06,0.00038556,0.000834,1
9.2306e-06,8.7302e-07,8.435e-05,0.000466,1
0.00016762,7.2656e-06,0.001814,0.000137,1
2.6123e-05,1.4029e-07,0.00035236,0.000157,1
0.00015447,2.3187e-06,0.0019251,0.000144,1
2.808e-05,4.8607e-06,0.00032563,0.000152,1
2.2713e-05,7.0145e-07,0.00029217,0.001134,1
7.133e-06,2.9714e-07,7.0471e-05,0.000162,1
3.6174e-05,3.2162e-06,0.00051885,0.000165,1
5.8898e-06,4.4197e-07,0.00016539,0.001051,1
4.3924e-05,2.4861e-06,0.00043421,0.000148,1
2.269e-06,1.3056e-07,9.8167e-05,0.000155,1
5.156e-05,2.1507e-06,0.0003669,0.000164,1
4.0528e-05,1.9355e-06,0.00043705,0.000988,1
2.0415e-05,4.4703e-07,0.00015518,0.000155,1
1.0775e-06,1.1499e-07,1.2017e-05,0.000161,1
2.387e-05,2.4965e-06,0.00012238,0.00015,1
1.4652e-05,4.0024e-07,9.2715e-05,0.00014,1
3.8188e-06,1.9871e-06,0.00011364,0.000141,1
1.3927e-05,7.8368e-07,0.00012449,0.000152,1
0.00016617,2.8298e-05,0.0018991,0.000148,1
0.00027824,1.6925e-06,0.0031641,0.000147,1
4.794e-05,5.2628e-06,0.0006343,0.00015,1
2.7184e-05,1.5162e-06,0.00037154,0.000632,1
0.0010244,5.144e-05,0.0088346,0.000168,1
6.0666e-05,2.8615e-06,0.00087592,0.00016,1
6.6563e-05,7.96e-07,0.0010181,0.000149,1
2.1637e-06,1.4009e-07,2.4176e-05,0.00025,1
9.9873e-06,8.5395e-07,3.4153e-05,0.00105,1
1.0406e-05,1.1131e-06,0.0001097,0.00015,1
0.0020519,2.7571e-05,0.018107,0.000147,1
0.00013279,1.0305e-05,0.0016408,0.000142,1
3.3036e-06,3.0054e-07,4.4028e-05,0.000146,1
2.1724e-05,3.606e-06,0.0005709,0.000152,1
0.00034635,7.356e-06,0.0038325,0.00015,1
0.0001163,5.965e-07,0.0015186,0.000157,1
2.0016e-06,1.4735e-06,4.778e-05,0.000157,1
8.6384e-06,3.8172e-07,3.6916e-05,0.000144,1
9.6705e-05,7.4685e-06,0.00099944,0.000647,1
2.7728e-05,2.9127e-06,0.00034086,0.000145,1
8.86e-07,1.682e-07,1.3218e-05,0.000155,1
6.7859e-05,2.6392e-07,0.0011166,0.000141,1
1.0305e-05,3.6129e-07,0.00012507,0.000155,1
4.2342e-05,4.7977e-07,0.00040858,0.000143,1
3.437e-06,1.1238e-07,6.7848e-05,0.00015,1
2.2601e-05,5.7173e-07,0.00025803,0.000167,1
2.8268e-05,1.1221e-06,0.0002368,0.000265,1
6.4383e-06,7.0915e-07,9.757e-05,0.000264,1
0.00016445,4.3834e-07,0.0016978,0.000257,1
1.0027e-05,1.6882e-06,0.00014788,0.001133,1
7.7191e-06,5.6468e-07,9.5586e-05,0.000144,1
0.056048,0.0016644,0.94134,0.000145,1
5.5416e-05,1.6463e-06,0.00047405,0.000164,1
1.0179e-05,4.1685e-06,2.7261e-05,0.000152,1
1.4743e-05,2.8225e-06,0.00020085,0.000153,1
7.1511e-06,2.3599e-07,6.6491e-05,0.000158,1
1.6027e-05,1.3562e-06,0.00019375,0.000243,1
2.7543e-05,1.6568e-06,0.00029791,0.000212,1
3.6316e-05,2.2519e-06,0.00038527,0.001039,1
6.1831e-05,7.1335e-06,0.00094551,0.000172,1
6.7365e-05,4.5351e-07,0.0011457,0.000148,1
1.6882e-06,4.4397e-07,4.2322e-05,0.000147,1
0.00047521,2.7703e-05,0.0030825,0.000151,1
8.4541e-06,6.6503e-07,8.6604e-05,0.000151,1
2.8674e-06,3.5912e-07,3.6403e-05,0.000141,1
1.2349e-05,6.9883e-07,0.00033722,0.000157,1
7.0142e-06,1.5634e-06,0.0012242,0.000153,1
2.6852e-05,2.0098e-06,0.00019156,0.000154,1
2.3934e-05,4.5776e-07,0.0002229,0.000152,1
5.8316e-05,2.9758e-06,0.00062434,0.000143,1
6.0178e-05,4.8011e-06,0.0017839,0.000247,1
4.7546e-05,1.799e-06,0.00087366,0.000276,1
9.5262e-06,7.6704e-07,9.9087e-05,0.000161,1
2.9561e-06,1.1808e-06,3.4957e-05,0.000874,1
4.9543e-06,3.652e-07,2.6382e-05,0.000143,1
1.557e-05,5.5737e-08,0.00053827,0.000162,1
5.9248e-05,1.1072e-05,0.0016237,0.000155,1
9.4465e-06,4.5604e-07,0.0001646,0.000158,1
0.0003172,1.661e-05,0.0030064,0.000155,1
0.00017413,7.2466e-06,0.0026361,0.000148,1
2.6092e-06,2.9039e-06,0.00011042,0.000153,1
2.0863e-06,2.3826e-07,5.8814e-05,0.000145,1
3.4017e-05,5.613e-07,0.00034554,0.000156,1
1.0481e-05,4.2237e-07,0.00017181,0.000155,1
5.9145e-06,5.6655e-07,5.4069e-05,0.000999,1
3.6439e-06,5.5133e-07,3.9514e-05,0.000176,1
1.7098e-06,3.1203e-07,1.9078e-05,0.000163,1
3.4377e-05,2.995e-07,0.00078355,0.000148,1
6.2279e-06,2.033e-06,0.00013969,0.000148,1
3.4313e-06,9.0649e-07,3.4089e-05,0.000152,1
1.7784e-05,1.2649e-07,0.00018383,0.000159,1
0.00012159,3.5996e-06,0.0012917,0.000171,1
1.0139e-05,3.5898e-07,0.00042304,0.000162,1
0.00022723,8.2359e-06,0.002131,0.000154,1
2.8744e-05,2.7882e-06,0.00022482,0.000122,1
2.3371e-06,1.7879e-06,6.591e-05,0.000661,1
1.0327e-05,5.7836e-07,0.00018396,0.000255,1
4.4314e-05,4.8065e-06,0.0010479,0.000157,1
3.4374e-05,1.5788e-06,0.00073295,0.000148,1
6.2338e-05,7.39e-07,0.00099288,0.000153,1
8.3126e-05,2.5834e-06,0.00095139,0.000152,1
2.2349e-06,1.034e-07,3.1444e-05,0.000665,1
2.5938e-05,3.7292e-07,0.00036492,0.000257,1
5.461e-06,8.219e-07,6.9961e-05,0.000174,1
3.4558e-06,9.3924e-07,4.5544e-05,0.000204,1
5.5208e-05,7.5305e-07,0.00072911,0.000149,1
2.3472e-06,7.5091e-08,3.1756e-05,0.000175,1
3.1802e-05,8.4774e-06,0.0013694,0.00098,1
1.8429e-05,4.0806e-07,0.00021575,0.000154,1
4.8796e-05,3.9085e-06,0.00104,0.000175,1
3.2904e-05,1.6904e-06,0.00056109,0.000143,1
1.0918e-05,1.0616e-05,0.00041036,0.000146,1
4.7477e-05,3.3672e-06,0.00052114,0.000149,1
2.9128e-05,2.0265e-07,0.00028507,0.000146,1
2.4479e-05,1.9109e-06,0.00023041,0.000138,1
6.9665e-07,7.7973e-07,4.5379e-05,0.00027,1
6.1606e-06,1.8484e-07,0.00023961,0.001135,1
7.5602e-05,9.9143e-07,0.00047849,0.000145,1
1.7558e-06,3.4678e-07,3.1061e-05,0.000162,1
6.4091e-05,2.8913e-06,0.00055365,0.000151,1
1.2306e-05,1.2522e-07,0.00012786,0.000153,1
1.2424e-05,1.0033e-06,0.00020369,0.000144,1
2.7906e-06,9.019e-07,1.2374e-05,0.00016,1
2.7117e-05,1.458e-06,0.00021787,0.000149,1
7.4803e-06,8.8471e-07,0.000108,0.000141,1
2.7763e-05,2.3753e-06,0.00028641,0.000242,1
4.5477e-05,1.3534e-06,0.00051915,0.000157,1
4.6825e-05,2.0879e-06,0.00065077,0.000134,1
2.5376e-05,1.1951e-06,7.5012e-05,0.001114,1
2.0909e-05,6.8748e-06,0.00043113,0.000149,1
3.4785e-06,1.6278e-06,7.0116e-05,0.000162,1
5.148e-06,1.3094e-07,6.3828e-05,0.000157,1
5.8468e-05,2.6936e-06,0.00099631,0.000169,1
3.3612e-05,8.8735e-07,0.00050233,0.00016,1
2.3624e-06,1.1477e-07,1.8548e-05,0.000149,1
3.5702e-05,1.381e-06,0.00045635,0.000145,1
5.87e-05,3.1654e-06,0.00077616,0.000228,1
2.1129e-06,1.2175e-07,2.5694e-05,0.000153,1
3.512e-05,6.9809e-06,0.00028209,0.000152,1
6.728e-05,1.8867e-06,0.001063,0.000154,1
0.0001092,4.8067e-06,0.0040924,0.00014,1
2.4757e-06,3.03e-07,2.0666e-05,0.000194,1
2.9112e-05,5.8663e-06,0.00031574,0.000157,1
8.7677e-05,1.2593e-07,0.0010601,0.000156,1
1.8158e-05,3.7227e-07,0.00026306,0.000768,1
1.2783e-05,8.0942e-07,8.9848e-05,0.000148,1
1.1872e-05,5.5456e-07,0.00018483,0.000148,1
0.00011539,7.4029e-07,0.0011705,0.000153,1
1.2246e-06,1.6986e-07,6.8533e-06,0.000155,1
5.5198e-05,2.4862e-06,0.00062369,0.000151,1
1.8826e-05,2.094e-07,0.00018397,0.000145,1
6.2866e-07,2.665e-07,1.3871e-05,0.000139,1
3.9415e-06,3.7978e-07,1.3746e-05,0.000191,1
8.8809e-05,2.6183e-06,0.000952,0.000756,1
6.7928e-05,5.6016e-06,0.0021822,0.000152,1
0.0002701,1.0977e-06,0.0025491,0.000228,1
5.706e-06,3.3511e-07,9.7782e-05,0.000151,1
4.3276e-05,2.8255e-06,0.00052931,0.000148,1
3.3735e-05,2.6551e-07,0.00044337,0.000148,1
3.5022e-05,9.4825e-07,0.00049239,0.000141,1
1.0088e-06,4.4223e-07,3.845e-05,0.000148,1
2.0986e-05,1.2023e-06,0.00018208,0.000977,1
2.0795e-06,2.7627e-07,1.7144e-05,0.000155,1
9.7842e-05,3.7609e-05,0.00031465,0.000162,1
1.5109e-05,6.9538e-07,0.00016818,0.000173,1
0.00015772,3.1507e-06,0.0024094,0.000157,1
3.1747e-05,3.8817e-06,0.00092541,0.000163,1
1.9856e-06,1.0994e-07,3.3833e-05,0.000256,1
0.00027083,1.9235e-06,0.010155,0.000266,1
1.6984e-05,8.4019e-07,0.0002773,0.000277,1
2.1992e-05,2.7492e-07,0.00016744,0.001037,1
3.2593e-05,4.0126e-07,0.00071203,0.000162,1
0.0002045,1.4545e-05,0.0030912,0.000167,1
1.4979e-05,3.1396e-06,0.00023723,0.000154,1
6.674e-06,2.2913e-07,5.8599e-05,0.00015,1
6.5566e-05,1.6075e-06,0.0022799,0.000233,1
4.3825e-06,5.2196e-07,2.9978e-05,0.000148,1
2.4451e-05,1.8819e-06,0.00043995,0.000148,1
0.00018914,8.3614e-06,0.0035916,0.000146,1
1.1217e-05,6.1227e-07,0.00023244,0.000144,1
6.8939e-06,4.958e-07,0.0001296,0.000153,1
0.00044636,2.3445e-05,0.010501,0.000147,1
6.4916e-05,3.2898e-07,0.00075662,0.000149,1
4.8283e-05,7.5061e-07,0.00052763,0.000152,1
0.00016779,1.1445e-06,0.0027962,0.000159,1
4.1113e-05,1.0464e-06,0.00044493,0.000161,1
0.00011881,6.5983e-07,0.0013046,0.00015,1
1.6663e-05,1.9422e-06,0.00020134,0.00016,1
9.2949e-05,1.7213e-06,0.002114,0.000714,1
2.5049e-05,6.0187e-07,0.00042609,0.00016,1
7.7448e-05,2.0032e-06,0.00068125,0.000153,1
0.00051877,1.2702e-05,0.0086382,0.000154,1
1.6481e-05,2.4681e-06,0.00031465,0.000304,1
4.5706e-06,3.25e-07,0.00018177,0.000147,1
3.5799e-06,1.9396e-07,4.1057e-05,0.000163,1
0.00019423,1.1707e-05,0.0030346,0.000149,1
3.4214e-06,3.8801e-07,4.9329e-05,0.00015,1
1.9091e-06,1.3995e-07,3.963e-05,0.000151,1
3.0534e-06,3.7504e-06,0.00010651,0.000147,1
1.3173e-05,7.4344e-07,0.00023225,0.000144,1
2.0734e-06,8.2411e-07,1.4814e-05,0.000157,1
7.7213e-06,4.0141e-06,0.00014998,0.000149,1
2.8092e-06,1.891e-07,3.0369e-05,0.00017,1
5.3899e-05,2.6457e-06,0.00047296,0.000263,1
5.846e-05,3.2952e-06,0.0046283,0.000265,1
0.00010689,3.8539e-06,0.0014347,0.000143,1
2.5834e-05,2.1808e-06,0.00033062,0.000155,1
1.3274e-05,1.3941e-07,0.0003652,0.00014,1
6.5807e-06,6.9372e-07,5.909e-05,0.000168,1
2.9336e-05,4.0154e-06,0.00037085,0.000147,1
6.523e-05,7.5842e-06,0.00088007,0.000144,1
8.4983e-06,5.7531e-07,0.00013279,0.000142,1
2.4925e-05,8.6397e-07,0.00030321,0.000148,1
0.00014513,6.1818e-06,0.0026009,0.000179,1
4.0698e-06,1.6067e-06,8.1064e-05,0.00015,1
6.6225e-06,2.8101e-06,0.0001232,0.000159,1
2.6708e-05,3.6774e-06,0.00020599,0.000161,1
1.0113e-05,5.2229e-07,9.6781e-05,0.000161,1
1.2548e-05,8.6802e-07,0.00019493,0.000179,1
0.00033384,3.0292e-06,0.0033561,0.000191,1
1.6032e-05,5.3028e-06,0.00033855,0.00015,1
1.8729e-05,2.2192e-06,0.00015588,0.000152,1
3.1516e-06,6.0715e-07,4.7685e-05,0.000159,1
0.00067218,5.2664e-05,0.012772,0.000159,1
1.2926e-05,4.5505e-06,0.00017325,0.000162,1
8.9114e-05,8.6327e-06,0.00023442,0.000156,1
6.096e-06,1.931e-06,0.00010707,0.000153,1
7.693e-05,2.4267e-07,0.0010952,0.000159,1
2.7664e-05,1.7444e-06,0.0002635,0.000148,1
4.3516e-05,1.9957e-06,0.00064076,0.00014,1
1.4146e-05,7.7814e-07,0.00039572,0.000149,1
7.2523e-05,6.5733e-06,0.00095246,0.000686,1
1.7461e-05,4.5927e-07,0.00016034,0.000268,1
0.00010413,8.5643e-07,0.0011557,0.000154,1
7.7469e-06,2.1176e-07,6.8237e-05,0.000154,1
1.4095e-05,5.1637e-07,0.00066587,0.000153,1
1.3913e-05,4.0122e-06,0.00012557,0.000152,1
7.7059e-05,1.6758e-06,0.00094053,0.000235,1
1.5833e-05,3.3061e-07,0.00037006,0.000155,1
2.879e-05,2.1569e-06,0.00022057,0.000781,1
8.3214e-05,3.8224e-07,0.0013227,0.000254,1
3.8775e-06,4.4136e-07,4.8785e-05,0.000266,1
3.2057e-05,1.1403e-06,0.00063548,0.000257,1
5.5895e-06,3.8593e-07,5.5067e-05,0.000252,1
9.1925e-05,4.937e-07,0.0012557,0.000275,1
9.0107e-06,9.8254e-07,7.6796e-05,0.000274,1
0.00051505,0.00011847,0.012843,0.000984,1
5.408e-05,1.7209e-06,0.00065074,0.000161,1
1.0279e-05,4.5987e-07,8.356e-05,0.000148,1
9.77e-07,5.4363e-07,3.7068e-05,0.000142,1
4.8675e-05,3.5172e-07,0.00065827,0.000161,1
2.7539e-05,1.0659e-05,0.00051811,0.000145,1
1.2481e-07,9.486e-07,0.00016167,0.00015,1
2.3852e-06,2.627e-07,5.0957e-05,0.000148,1
0.00010176,7.747e-07,0.001977,0.000168,1
3.8242e-06,4.0605e-07,1.1246e-05,0.00016,1
4.566e-05,2.6307e-06,0.00043023,0.000152,1
6.7999e-05,1.1136e-06,0.00069011,0.000147,1
4.4071e-06,6.936e-06,0.00027544,0.000151,1
2.0349e-05,1.171e-07,0.00019311,0.000151,1
3.7882e-05,1.3513e-06,0.00046275,0.000142,1
3.0198e-05,5.4304e-07,0.0004157,0.000149,1
2.5512e-05,2.6351e-06,0.00023221,0.000143,1
0.00010603,2.639e-06,0.00089804,0.000143,1
1.0957e-06,1.3476e-06,2.8e-05,0.000147,1
6.8242e-06,7.4837e-07,8.0042e-05,0.000156,1
5.1659e-05,1.3223e-06,0.0011292,0.000145,1
6.4766e-05,3.2254e-06,0.0005928,0.000166,1
3.9233e-06,1.5737e-06,7.7332e-05,0.000168,1
4.097e-06,2.352e-06,0.00017494,0.000143,1
8.1469e-06,4.9745e-07,5.0549e-05,0.000147,1
4.8253e-06,3.047e-07,8.4747e-05,0.000147,1
1.494e-05,1.3513e-06,0.00031683,0.000147,1
2.7716e-06,5.9474e-07,4.4841e-05,0.000151,1
1.5532e-05,1.7165e-06,0.00016678,0.000152,1
0.00011593,2.8501e-06,0.00091775,0.000148,1
0.00011216,3.241e-06,0.0019339,0.000151,1
4.1362e-06,4.1886e-07,2.8803e-05,0.000173,1
0.00066887,4.6593e-05,0.0058652,0.000156,1
6.0393e-05,2.3914e-06,0.0008325,0.000142,1
2.8576e-05,2.7713e-06,0.00028847,0.000698,1
5.0187e-05,6.7296e-07,0.00070225,0.000165,1
2.7049e-06,1.5725e-06,9.1727e-05,0.000156,1
3.1394e-05,2.236e-07,0.00034624,0.000144,1
1.7084e-05,1.7235e-06,6.6813e-05,0.000145,1
1.774e-06,1.6612e-07,1.9539e-05,0.000145,1
7.5625e-06,1.2144e-06,9.6461e-05,0.000154,1
7.1239e-06,7.757e-07,0.00019611,0.000137,1
2.2328e-05,4.5668e-06,0.00023005,0.000779,1
6.4804e-06,2.133e-07,7.0193e-05,0.000233,1
4.3692e-06,2.1143e-07,6.5297e-05,0.000161,1
5.0552e-06,3.7041e-07,5.3084e-05,0.00015,1
1.2791e-05,3.5457e-07,0.00026348,0.000161,1
1.1809e-06,5.8622e-07,4.9959e-05,0.000151,1
6.7839e-07,2.9821e-07,3.1616e-05,0.000164,1
1.1045e-05,3.6902e-06,0.00016103,0.00015,1
9.6273e-06,8.9907e-07,0.00012202,0.000139,1
0.0002502,1.5778e-05,0.010281,0.000151,1
2.7811e-05,7.2604e-07,0.00049889,0.000156,1
2.983e-05,1.6217e-06,0.00032182,0.000159,1
7.2643e-06,1.9842e-06,0.00011923,0.000147,1
2.1825e-05,1.4582e-06,0.00027624,0.000195,1
8.2534e-06,1.5341e-06,7.3307e-05,0.000174,1
0.00012604,3.968e-07,0.0024313,0.000169,1
0.0003211,1.0071e-05,0.0030599,0.000201,1
2.9386e-05,8.3973e-07,0.00023596,0.000155,1
1.2386e-05,2.6345e-06,0.00016295,0.000145,1
1.6309e-05,5.7301e-07,0.00014182,0.000176,1
6.456e-07,2.0963e-07,1.2079e-05,0.000166,1
4.3337e-05,1.2354e-06,0.00048991,0.000175,1
0.00056127,9.919e-06,0.01645,0.00017,1
7.9733e-06,2.2132e-07,0.00016873,0.000164,1
6.3175e-08,5.7724e-07,2.5844e-05,0.000155,1
2.1979e-06,1.9666e-07,3.053e-05,0.000152,1
4.846e-05,2.7344e-06,0.0005426,0.000147,1
5.8841e-08,3.5437e-07,5.0859e-06,0.000234,1
8.3087e-07,4.113e-07,1.358e-05,0.000156,1
4.9685e-05,1.0446e-06,0.00048324,0.000153,1
1.4678e-06,1.2526e-06,7.0543e-05,0.000153,1
0.00014812,2.403e-05,0.0021809,0.000162,1
0.00032662,9.7683e-06,0.0060241,0.000156,1
2.041e-05,7.1036e-07,0.0003334,0.000151,1
1.1283e-05,2.6028e-06,0.00018571,0.00015,1
1.0932e-05,1.1905e-06,0.00013382,0.000163,1
1.545e-05,9.1091e-07,0.00061659,0.000151,1
3.9919e-05,3.8601e-07,0.00058035,0.000153,1
5.0933e-06,6.232e-07,5.6263e-05,0.000156,1
6.4154e-06,2.2422e-06,0.00017716,0.000143,1
7.7613e-05,2.3906e-06,0.00066577,0.000162,1
3.621e-05,4.2213e-06,0.00052659,0.000149,1
1.5655e-05,1.7517e-06,8.4201e-05,0.000149,1
6.2242e-06,2.19e-07,4.1421e-05,0.000161,1
4.778e-05,1.4731e-06,0.00058621,0.000161,1
3.8487e-06,7.9327e-06,0.00028679,0.000149,1
1.7083e-05,3.1633e-06,0.00014695,0.000161,1
1.93e-05,3.8926e-07,0.00014627,0.000151,1
1.7972e-05,1.1266e-06,0.0001925,0.00017,1
0.00018369,6.3856e-06,0.002505,0.000152,1
5.6725e-05,2.2112e-06,0.00087744,0.000157,1
0.00010161,5.0059e-07,0.0014825,0.000151,1
7.9166e-05,1.7016e-06,0.0013885,0.000171,1
1.6749e-05,1.9452e-06,0.0001889,0.000144,1
4.6524e-06,1.1714e-07,7.3358e-05,0.000139,1
0.00020086,1.0047e-05,0.0014068,0.000183,1
0.0001096,5.0971e-06,0.0012167,0.000161,1
1.1571e-05,3.6946e-07,0.00018872,0.000146,1
3.0761e-05,8.0155e-07,0.00033618,0.000144,1
0.0001396,6.1058e-06,0.0022519,0.000751,1
0.00013259,5.4822e-06,0.001519,0.000147,1
1.9691e-05,1.747e-06,0.00021837,0.000147,1
8.6711e-06,6.4461e-07,0.00020118,0.000154,1
0.00010777,4.8036e-06,0.0012725,0.000148,1
1.8644e-05,2.8528e-07,0.00018621,0.000146,1
5.3432e-06,8.0032e-07,0.00010632,0.000151,1
4.5152e-06,2.6881e-07,4.2434e-05,0.000151,1
9.7096e-05,5.0125e-06,0.0012872,0.000147,1
3.4765e-05,1.412e-06,0.00031723,0.000153,1
3.4617e-06,7.1657e-07,2.3347e-05,0.000144,1
7.8058e-05,7.4801e-07,0.00061153,0.00015,1
0.0001447,4.0558e-07,0.0018892,0.000156,1
7.2196e-06,2.6253e-06,9.7173e-05,0.000166,1
7.3175e-05,2.5532e-05,0.00086551,0.000144,1
1.3761e-06,9.7625e-08,1.7844e-05,0.000177,1
2.7178e-05,3.8358e-07,0.00059428,0.000148,1
0.00012833,1.0738e-06,0.0014413,0.000157,1
4.3018e-05,1.0922e-06,0.00034925,0.000151,1
1.2741e-05,6.3224e-07,0.00012611,0.000143,1
8.5622e-06,3.0058e-07,0.00013792,0.000152,1
2.0879e-06,3.3858e-07,2.3922e-05,0.00014,1
3.6762e-06,1.891e-06,8.122e-05,0.000151,1
3.8226e-06,2.3762e-07,3.251e-05,0.000157,1
3.8398e-06,5.4671e-07,3.1894e-05,0.000158,1
8.883e-05,7.6834e-06,0.00076858,0.00015,1
1.5894e-06,4.6106e-07,5.9569e-05,0.000148,1
2.0672e-05,2.2546e-06,0.00040326,0.000154,1
5.0409e-06,9.9542e-08,4.8573e-05,0.000147,1
1.4036e-05,3.5245e-07,0.00019109,0.00015,1
7.7572e-05,7.8518e-07,0.0013245,0.000188,1
3.2885e-05,2.4946e-06,0.00086025,0.000168,1
3.8296e-06,6.7653e-07,0.00013399,0.000211,1
0.00017469,4.5812e-05,0.0016998,0.000267,1
9.2321e-05,5.3754e-07,0.0012044,0.000274,1
1.2279e-05,3.1266e-07,9.442e-05,0.00029,1
1.5271e-06,5.517e-06,0.00019289,0.000254,1
2.5356e-05,1.7403e-06,0.00015159,0.000259,1
0.00029616,1.264e-05,0.0022453,0.000261,1
8.549e-06,5.3268e-07,7.0685e-05,0.000245,1
2.2011e-05,6.3934e-07,0.00021286,0.000268,1
0.00014455,8.2734e-06,0.0022984,0.000254,1
0.00028018,2.5746e-06,0.0014801,0.000154,1
3.8417e-05,4.9896e-07,0.00053768,0.000149,1
1.3515e-06,2.5492e-07,1.2542e-05,0.000155,1
2.9222e-06,7.1347e-07,2.5658e-05,0.00015,1
6.1386e-07,5.2682e-07,2.6761e-05,0.000146,1
3.9548e-07,9.8959e-08,5.2329e-06,0.000163,1
3.0134e-05,1.4869e-06,0.00017822,0.000159,1
0.0011752,3.598e-05,0.01961,0.000144,1
2.9476e-05,1.1131e-06,0.00084431,0.000153,1
0.00013373,1.4585e-05,0.0014217,0.000156,1
7.2469e-06,5.5168e-07,9.4927e-05,0.000152,1
0.00013612,1.5377e-05,0.0012171,0.000142,1
4.8661e-06,4.2754e-07,5.039e-05,0.000164,1
6.3292e-05,1.7118e-06,0.0010548,0.00016,1
1.1894e-05,3.4159e-07,0.00015426,0.000149,1
3.7535e-05,3.0095e-06,0.00026806,0.000153,1
1.1359e-05,6.2689e-07,0.00016014,0.000153,1
2.9242e-05,2.9162e-06,0.00028477,0.000162,1
2.6933e-05,8.2876e-07,0.00025569,0.000147,1
0.00023283,9.3638e-06,0.003756,0.000153,1
5.3616e-05,1.4339e-06,0.00060961,0.00015,1
2.9664e-07,8.0882e-07,4.5625e-05,0.00015,1
4.6146e-06,5.2433e-07,4.3559e-05,0.000143,1
7.3681e-06,3.9265e-07,0.00023199,0.00016,1
1.4925e-05,3.0712e-07,0.000137,0.000155,1
2.4679e-06,2.4635e-07,2.0159e-05,0.000148,1
0.00065852,8.0315e-06,0.0079595,0.000157,1
9.7552e-07,1.2537e-06,4.0896e-05,0.000153,1
0.00014168,1.5406e-06,0.0027889,0.000154,1
2.0209e-05,5.7965e-06,0.00040566,0.000244,1
1.0538e-05,2.371e-06,9.51e-05,0.000277,1
2.4159e-05,2.265e-05,0.0004488,0.000254,1
5.2899e-06,1.8336e-06,5.4769e-05,0.000277,1
1.5654e-05,2.3041e-06,0.00012244,0.000151,1
1.4778e-05,3.3709e-07,0.00044071,0.000165,1
4.1762e-06,4.5608e-07,5.1204e-05,0.000167,1
1.9148e-05,7.1384e-07,0.00054041,0.000161,1
2.0497e-05,6.0507e-07,0.00020848,0.000154,1
0.00014322,1.2831e-05,0.0026191,0.000149,1
4.944e-06,1.1043e-07,5.2869e-05,0.000138,1
2.6421e-05,6.3427e-06,0.00030489,0.000154,1
3.8279e-06,8.1833e-07,7.2599e-05,0.000158,1
6.4332e-06,8.3592e-07,9.9819e-05,0.000157,1
2.3247e-06,8.0804e-08,1.5677e-05,0.000171,1
9.4468e-06,4.9541e-07,4.795e-05,0.000152,1
0.00013312,1.1404e-07,0.0012369,0.000146,1
2.3628e-06,2.1642e-07,4.6092e-05,0.000162,1
7.4616e-05,9.4325e-07,0.00057106,0.000155,1
1.0189e-05,1.0705e-06,0.00027373,0.000146,1
2.8114e-05,1.0791e-06,0.00057089,0.000259,1
3.7865e-05,2.3709e-06,0.00034154,0.000154,1
9.8895e-05,3.3348e-06,0.0011608,0.000163,1
1.2147e-05,1.1955e-06,0.00020285,0.000152,1
2.5547e-05,4.5433e-07,0.0001822,0.000153,1
2.1925e-06,5.6232e-07,2.3034e-05,0.000151,1
5.082e-05,1.3697e-05,0.00023224,0.000191,1
2.2263e-05,7.7078e-07,0.00022372,0.000148,1
8.2419e-05,1.426e-05,0.0022818,0.000153,1
9.9329e-05,1.8706e-06,0.0011616,0.000286,1
3.6477e-05,1.3012e-06,0.0019936,0.000144,1
3.4506e-06,2.8953e-07,4.5005e-05,0.000145,1
0.00016917,5.4494e-06,0.012977,0.000146,1
2.9072e-06,1.6681e-06,0.00013034,0.000269,1
2.125e-05,1.0102e-06,0.00021358,0.000146,1
3.5313e-05,8.7243e-07,0.0010533,0.000161,1
5.9382e-05,4.7074e-06,0.00091355,0.000151,1
8.1755e-05,1.8924e-06,0.0011472,0.000166,1
1.0391e-06,1.3604e-07,2.2417e-05,0.00015,1
4.2168e-06,1.7787e-06,0.00015243,0.000146,1
5.3158e-05,5.396e-07,0.00058021,0.000143,1
7.2007e-06,3.8872e-07,0.0001081,0.000149,1
0.00015879,1.0196e-05,0.0027598,0.000147,1
3.2602e-05,8.5053e-07,0.00054727,0.000153,1
4.4895e-05,2.5609e-06,0.00054666,0.000159,1
3.537e-05,9.3086e-07,0.00012753,0.000146,1
0.00033894,4.7303e-05,0.0032884,0.000136,1
1.1196e-05,6.5512e-07,0.00010468,0.00015,1
6.283e-05,1.1368e-06,0.00065779,0.000152,1
2.4389e-05,4.03e-07,0.00022551,0.000154,1
5.8935e-06,1.0762e-06,7.9158e-05,0.000162,1
0.00037178,2.2976e-05,0.0042709,0.000142,1
1.4005e-05,1.7168e-06,0.00022934,0.000149,1
1.993e-05,1.9063e-07,0.00027262,0.000247,1
4.6059e-06,3.0165e-07,4.0491e-05,0.000155,1
5.0612e-05,7.9206e-06,0.0011689,0.000159,1
1.1803e-05,4.8768e-07,0.00032907,0.000161,1
6.2422e-05,4.0364e-06,0.0010322,0.000164,1
5.5368e-05,5.1377e-07,0.00047063,0.00015,1
6.8397e-06,3.0277e-07,0.00018207,0.000156,1
6.6211e-05,3.523e-06,0.00079379,0.000147,1
1.1824e-05,2.0913e-06,9.7586e-05,0.000277,1
1.7898e-05,6.3172e-07,0.00017576,0.000168,1
0.00014599,5.9735e-07,0.0017588,0.000165,1
0.00012915,6.4928e-06,0.0013401,0.000149,1
0.00010661,1.0411e-05,0.0015399,0.000145,1
3.36e-05,1.02e-06,0.00064486,0.000159,1
5.8365e-05,1.1816e-07,0.00047528,0.000149,1
1.7389e-05,4.0731e-07,0.00023951,0.000148,1
0.00024357,1.1331e-05,0.0039685,0.000154,1
2.138e-05,3.7512e-07,0.00029549,0.000152,1
5.654e-05,1.1733e-06,0.00050569,0.000275,1
0.00021037,3.1771e-06,0.0020312,0.000157,1
2.0533e-05,6.0177e-07,0.00022652,0.000153,1
3.8733e-05,8.8588e-07,0.00053004,0.000151,1
3.546e-06,1.4622e-07,5.8802e-05,0.000142,1
2.9534e-06,1.9467e-07,3.9181e-05,0.000164,1
4.0171e-05,7.5962e-07,0.00074627,0.000153,1
5.9265e-06,1.8381e-06,8.9273e-05,0.000149,1
0.00010489,1.7465e-06,0.00096756,0.000159,1
8.9905e-05,2.8249e-06,0.0012852,0.000163,1
7.6407e-05,6.05e-06,0.00073195,0.000169,1
4.0328e-07,3.5472e-07,1.8021e-05,0.000144,1
5.4198e-06,2.223e-07,4.4111e-05,0.000174,1
4.6542e-05,1.2754e-06,0.0006192,0.000276,1
2.4731e-05,4.6827e-06,0.0002884,0.000156,1
5.2263e-06,6.6922e-07,0.00012293,0.000148,1
1.214e-05,4.5656e-07,0.00012146,0.000154,1
0.00013886,5.5501e-07,0.0022832,0.000152,1
5.1698e-06,4.4211e-06,0.00020825,0.000147,1
4.5372e-05,1.0314e-06,0.00047146,0.000154,1
4.7541e-05,4.8793e-06,0.00043678,0.000154,1
1.2934e-05,2.1451e-07,0.00017474,0.000158,1
0.00013087,2.8764e-06,0.0018866,0.000152,1
8.9697e-05,1.2802e-05,0.0026257,0.000156,1
9.9828e-05,7.5716e-06,0.0020943,0.000145,1
2.883e-05,3.4149e-07,0.00027032,0.000154,1
3.0795e-05,1.8062e-06,0.00020317,0.000152,1
8.367e-05,1.8889e-06,0.00084146,0.000158,1
8.7048e-06,5.5689e-07,0.00012533,0.000262,1
5.1145e-05,9.1436e-08,0.00086105,0.000152,1
1.8441e-05,1.198e-06,0.0003412,0.000215,1
1.9885e-05,1.014e-06,0.00021858,0.000151,1
1.2819e-05,3.1322e-07,0.00010349,0.000148,1
5.3743e-05,1.2888e-06,0.00076273,0.000243,1
1.5656e-05,6.4253e-08,0.00019335,0.00027,1
6.5258e-05,1.9599e-07,0.00079911,0.000152,1
9.7786e-07,2.8275e-07,7.855e-06,0.000274,1
0.00025118,1.8349e-05,0.0023874,0.000241,1
9.051e-06,8.3571e-07,0.00011739,0.000263,1
1.7588e-05,1.281e-05,0.00086581,0.000157,1
7.0183e-06,6.39e-06,0.00012157,0.000149,1
6.1535e-05,5.9362e-06,0.00060008,0.000151,1
1.1953e-05,2.4203e-06,0.00021464,0.000153,1
3.0911e-06,3.1701e-07,9.2753e-05,0.000154,1
2.0661e-05,7.6072e-07,5.6721e-05,0.000166,1
1.0685e-05,2.7564e-06,0.00035068,0.000148,1
3.5674e-05,1.3917e-06,0.00039108,0.000152,1
3.0759e-07,3.6608e-07,0.00022933,0.000161,1
9.6355e-06,5.8687e-07,7.9616e-05,0.000154,1
1.6806e-05,8.9463e-07,0.00031674,0.000152,1
2.4462e-05,2.6532e-06,0.00034119,0.000145,1
7.2131e-06,9.7184e-07,6.1446e-05,0.000149,1
1.7589e-06,1.4927e-06,0.00014439,0.000245,1
5.0854e-06,2.5429e-07,3.5965e-05,0.000157,1
3.3436e-05,6.71e-07,0.00030329,0.000148,1
2.113e-05,2.3146e-06,0.0002527,0.000175,1
0.00013216,1.6654e-05,0.0022819,0.000145,1
0.00012332,1.7493e-05,0.00072287,0.000147,1
9.1113e-06,3.2531e-07,0.00016999,0.000272,1
3.2448e-05,1.0406e-06,0.00037923,0.00015,1
5.288e-05,1.5898e-06,0.00041589,0.000162,1
3.4009e-05,9.9948e-07,0.00047928,0.000152,1
1.8241e-06,6.781e-07,2.9476e-05,0.000154,1
2.5617e-06,3.1139e-07,3.4427e-05,0.000277,1
2.9519e-05,5.89e-07,0.00044498,0.000143,1
3.6736e-06,3.8438e-07,6.1392e-05,0.000152,1
3.6167e-05,1.8689e-07,0.00054298,0.000158,1
9.398e-06,1.8885e-06,9.204e-05,0.000262,1
0.00016337,2.0389e-06,0.0018423,0.000156,1
6.3375e-05,1.4359e-06,0.00069812,0.000149,1
1.9192e-05,3.5926e-07,0.00011305,0.000154,1
9.1779e-06,8.1518e-07,6.0878e-05,0.000148,1
5.299e-06,2.2545e-07,3.5487e-05,0.00014,1
7.0418e-06,5.408e-07,7.3075e-05,0.000147,1
3.8872e-06,2.3263e-07,2.8984e-05,0.000169,1
1.7608e-06,2.6357e-07,3.0413e-05,0.000148,1
0.0003063,1.7347e-06,0.0035779,0.000148,1
1.0218e-06,1.2888e-07,1.3515e-05,0.000356,1
2.4118e-05,2.4973e-06,0.00023046,0.000156,1
2.2024e-07,1.0433e-06,3.1126e-05,0.00015,1
1.1901e-05,4.4256e-06,0.0002892,0.000148,1
8.3207e-05,1.2771e-06,0.00097444,0.000149,1
3.8096e-06,1.8058e-06,5.9926e-05,0.00015,1
0.00038785,7.6851e-06,0.0032455,0.000395,1
9.0329e-05,7.4737e-06,0.0014033,0.000257,1
1.0174e-05,1.8087e-06,0.00018886,0.000263,1
0.00030638,5.9758e-05,0.010333,0.000255,1
3.0133e-05,4.8533e-07,0.00042245,0.000148,1
8.4267e-06,6.1944e-07,0.00012077,0.00018,1
1.2476e-06,4.5884e-07,1.3652e-05,0.000144,1
7.7804e-05,1.7416e-06,0.00085499,0.000151,1
1.2767e-05,4.3338e-07,0.00024084,0.000157,1
1.1458e-05,1.7825e-07,0.00012826,0.000156,1
7.1221e-09,1.5671e-07,9.5769e-06,0.000281,1
1.873e-05,4.4361e-06,0.00024098,0.000149,1
2.2986e-05,3.2337e-07,0.00010775,0.000163,1
9.7541e-06,1.3605e-06,0.00013199,0.000144,1
3.6962e-06,4.8451e-07,5.674e-05,0.000154,1
8.7531e-06,9.9221e-07,9.8721e-05,0.000139,1
2.3832e-05,6.863e-07,0.00023053,0.000151,1
6.0557e-05,7.1085e-06,0.00054774,0.000148,1
8.4257e-05,1.1349e-06,0.0012194,0.00015,1
8.3149e-06,4.5733e-07,0.00010235,0.000286,1
9.9764e-06,8.7378e-07,0.00010578,0.000249,1
4.0124e-05,3.9813e-05,0.0024174,0.000142,1
1.5349e-06,6.5488e-07,2.7352e-05,0.000145,1
2.5473e-06,3.8374e-07,6.175e-05,0.000196,1
1.239e-06,1.5218e-07,1.3999e-05,0.00015,1
4.2435e-05,9.7225e-07,0.00040258,0.000183,1
8.5236e-06,7.5882e-06,0.00025314,0.000148,1
8.172e-05,6.8064e-06,0.0010195,0.000255,1
1.2887e-05,2.3434e-06,0.00011799,0.000257,1
1.6467e-05,2.2976e-06,0.00021044,0.000151,1
1.6082e-06,6.4985e-07,5.1619e-05,0.000149,1
2.3199e-05,1.2775e-07,0.00051002,0.000151,1
0.00032035,2.4286e-06,0.0041902,0.000299,1
8.4555e-06,1.2338e-06,9.3832e-05,0.000146,1
3.2833e-05,1.3478e-06,0.00028272,0.00024,1
6.4934e-05,1.1378e-06,0.00083194,0.00042,1
3.8635e-05,4.1031e-07,0.00057434,0.000147,1
4.2134e-05,4.4359e-06,0.00059193,0.000155,1
0.00010912,3.4375e-06,0.0019936,0.000155,1
5.94e-05,2.6518e-07,0.00065994,0.000149,1
1.5938e-05,2.1719e-06,0.0002015,0.000161,1
2.8222e-08,8.8943e-08,6.0155e-06,0.000177,1
1.6919e-05,1.0141e-06,0.00048105,0.000155,1
1.6955e-05,8.7872e-07,0.00017773,0.000148,1
9.0868e-05,6.1894e-06,0.0011807,0.000261,1
5.456e-05,9.7723e-07,0.001061,0.000142,1
0.00013935,1.9847e-06,0.0016299,0.000154,1
3.3214e-06,9.4938e-07,5.596e-05,0.000151,1
3.2606e-05,3.6242e-06,0.00055568,0.000148,1
6.8363e-05,1.5453e-06,0.00060057,0.00016,1
3.9714e-06,9.3374e-07,5.2521e-05,0.000155,1
2.557e-05,1.0069e-06,0.00077106,0.000149,1
5.0405e-05,8.0463e-07,0.00058229,0.00015,1
2.2814e-06,4.7941e-07,3.0416e-05,0.000276,1
0.00020007,2.7006e-06,0.0012511,0.000154,1
1.9838e-05,5.3692e-06,0.00025534,0.000158,1
5.6454e-06,8.8791e-07,8.9656e-05,0.000151,1
0.00013494,1.8045e-06,0.001097,0.000148,1
4.0346e-06,1.3977e-07,4.4157e-05,0.000271,1
5.2275e-05,2.0531e-06,0.001326,0.000329,1
3.6479e-05,1.1321e-06,0.00056843,0.000155,1
1.0214e-05,7.747e-07,6.6697e-05,0.000153,1
4.8197e-05,1.1113e-06,0.00035395,0.000161,1
0.00010752,1.2361e-05,0.0015028,0.00016,1
1.3775e-05,1.0119e-05,0.00067798,0.000159,1
1.7583e-06,1.095e-06,5.4229e-05,0.000156,1
3.3285e-06,3.604e-07,5.5001e-05,0.000172,1
0.00024451,5.5405e-06,0.0033354,0.000328,1
1.3118e-05,9.9678e-08,0.00013638,0.000147,1
6.898e-07,9.3374e-07,3.9648e-05,0.000153,1
9.4859e-06,4.9671e-07,7.7635e-05,0.000154,1
0.00023072,8.4604e-06,0.002237,0.00016,1
5.6889e-06,3.7128e-07,6.1081e-05,0.000484,1
7.0142e-06,2.1039e-06,0.00011587,0.000145,1
2.4451e-05,4.9421e-07,0.00016605,0.00015,1
7.5917e-05,1.2927e-06,0.00108,0.000141,1
2.0792e-06,1.5736e-07,3.5003e-05,0.000152,1
6.5431e-05,1.8814e-06,0.00051993,0.000302,1
7.7033e-05,3.8717e-06,0.00083489,0.000146,1
0.00019254,9.168e-06,0.0018378,0.000145,1
1.0625e-05,9.2807e-07,0.00010094,0.000146,1
1.2317e-06,1.4333e-07,2.3881e-05,0.000165,1
5.1391e-05,1.214e-06,0.00091811,0.000146,1
7.5819e-06,2.4668e-06,6.9905e-05,0.000151,1
5.9592e-06,5.6752e-07,6.7721e-05,0.00015,1
4.3632e-06,1.6705e-07,6.4405e-05,0.000248,1
3.8664e-05,1.7807e-06,0.00032805,0.000168,1
1.8299e-05,5.0903e-07,0.00032555,0.000158,1
4.9266e-05,4.3764e-06,0.00057654,0.000167,1
1.7615e-05,5.0407e-07,0.00027283,0.000161,1
2.3614e-06,6.3003e-07,3.8938e-05,0.000147,1
9.312e-06,5.0482e-07,0.00011204,0.000147,1
9.1555e-05,1.0255e-06,0.0012676,0.000148,1
8.0995e-05,4.5755e-07,0.0010344,0.00015,1
2.4351e-05,5.765e-06,6.6349e-05,0.00016,1
2.6707e-05,3.0209e-06,0.00029952,0.000278,1
5.0397e-05,5.3512e-06,0.00046426,0.000159,1
1.0948e-05,1.4445e-06,8.5108e-05,0.000145,1
2.9154e-05,1.0059e-06,0.00075845,0.000156,1
3.6053e-05,9.9906e-07,0.00033549,0.000272,1
5.084e-06,3.9397e-07,5.1198e-05,0.000153,1
9.8558e-06,7.8444e-07,0.0001017,0.000147,1
2.4182e-05,9.0003e-07,0.00089764,0.00016,1
1.8606e-05,5.987e-07,0.00016829,0.000147,1
0.00013347,1.7451e-05,0.001947,0.000153,1
3.1256e-06,3.2695e-07,4.0628e-05,0.000164,1
1.2416e-05,3.3927e-06,0.00020332,0.000147,1
5.5784e-05,1.6114e-06,0.00061291,0.000149,1
2.6561e-05,2.1254e-06,0.00025215,0.000146,1
2.5145e-06,3.7084e-07,2.1696e-05,0.000268,1
1.9005e-05,4.5197e-07,0.0001911,0.000152,1
3.5842e-06,2.1763e-07,5.3406e-05,0.000333,1
1.7805e-05,7.0434e-07,0.00030683,0.000158,1
0.00012381,9.8494e-06,0.0010839,0.000227,1
8.5123e-06,5.8166e-07,0.00016082,0.000147,1
2.6091e-05,1.1772e-06,0.0002938,0.000263,1
1.3067e-05,3.9983e-07,0.00012029,0.00015,1
9.0691e-06,3.3843e-07,7.7935e-05,0.000154,1
4.0878e-06,1.9106e-07,3.6833e-05,0.000156,1
0.00019093,1.0457e-05,0.0016919,0.000163,1
9.8265e-05,3.4654e-06,0.0016256,0.000224,1
3.7706e-05,7.5174e-06,0.00042424,0.000261,1
1.9487e-06,5.0973e-07,1.5247e-05,0.000151,1
6.9166e-07,8.0179e-07,2.1715e-05,0.000151,1
4.3465e-05,1.8059e-05,0.00082417,0.000157,1
6.0413e-06,2.237e-07,0.00010048,0.000292,1
2.7072e-05,1.8792e-06,0.00030005,0.000161,1
5.0812e-05,4.2439e-05,0.00052393,0.000283,1
1.4569e-05,1.4921e-06,0.00011231,0.000147,1
1.9721e-05,2.0479e-06,0.00036495,0.000145,1
7.961e-06,1.9331e-06,4.7012e-05,0.000161,1
3.4593e-05,1.0282e-05,0.00068772,0.000272,1
4.2831e-05,6.5309e-06,0.00048131,0.000155,1
4.0933e-05,7.5277e-06,0.00089372,0.000153,1
1.8022e-05,1.2314e-06,0.0005336,0.000264,1
3.6323e-06,8.0574e-07,4.2142e-05,0.000147,1
4.4053e-06,5.8297e-07,5.3396e-05,0.000154,1
8.8988e-05,1.2154e-06,0.00086452,0.000154,1
1.1734e-05,1.5755e-07,0.00015918,0.000148,1
5.5102e-06,8.074e-07,4.6207e-05,0.000262,1
5.8389e-05,3.8266e-06,0.00035982,0.00015,1
0.00010975,4.5161e-06,0.0020277,0.000158,1
2.5473e-05,5.556e-07,0.0003078,0.000151,1
2.3982e-05,1.5245e-06,0.00029882,0.000156,1
4.794e-06,2.344e-06,0.00026586,0.000151,1
3.3397e-05,3.2962e-06,0.00046325,0.00028,1
3.8918e-05,3.1784e-06,0.0003961,0.000107,1
1.9794e-05,4.2789e-07,0.00013603,0.000221,1
9.9127e-06,1.1256e-06,7.0218e-05,0.000426,1
1.7284e-05,6.536e-07,0.00023955,0.000161,1
1.7224e-06,1.8009e-07,1.6978e-05,0.000157,1
6.2869e-06,5.4805e-07,9.1003e-05,0.000156,1
3.3134e-06,9.9699e-07,3.0519e-05,0.000147,1
4.0794e-05,6.8793e-07,0.00066544,0.00018,1
0.00010312,1.4242e-05,0.0010331,0.000145,1
9.141e-06,1.8147e-06,0.0001806,0.000143,1
1.5053e-05,2.9998e-06,8.2424e-05,0.000158,1
3.4407e-05,2.5633e-06,0.00068371,0.0003,1
0.00017238,1.0447e-05,0.0019713,0.00027,1
9.2801e-06,5.0748e-07,0.00015305,0.000181,1
9.9093e-06,8.0007e-07,0.00010677,0.000156,1
5.0549e-05,1.3389e-06,0.00072878,0.000314,1
6.3093e-06,6.3266e-07,4.9684e-05,0.000144,1
3.6731e-05,6.2777e-07,0.00064451,0.000161,1
1.7574e-05,5.1621e-07,0.00019496,0.000166,1
7.3605e-06,1.7692e-06,0.00012322,0.000147,1
6.2922e-06,4.1842e-07,0.00014811,0.000276,1
3.3164e-06,4.8375e-07,4.2315e-05,0.000161,1
1.5921e-05,1.5936e-06,0.00017461,0.000158,1
0.00013553,3.6685e-06,0.0012169,0.000165,1
3.5311e-05,6.316e-07,0.00029343,0.000285,1
6.5895e-05,1.3351e-06,0.00060825,0.000234,1
8.4061e-05,4.6095e-06,0.0015272,0.000286,1
0.00017392,2.1492e-06,0.0018034,0.000158,1
4.1988e-05,2.5743e-06,0.00062624,0.000157,1
0.00011238,1.722e-06,0.0011046,0.000282,1
4.3047e-05,5.9831e-07,0.00046431,0.000159,1
3.0883e-05,3.7255e-07,0.00032417,0.000156,1
4.6015e-06,2.9523e-07,5.6363e-05,0.000267,1
0.00077884,5.3075e-05,0.0070112,0.00015,1
4.0847e-05,6.268e-07,0.00044033,0.000143,1
0.00013364,1.4221e-06,0.0015816,0.000149,1
5.9352e-05,2.1581e-06,0.00051527,0.000275,1
8.1489e-05,1.164e-06,0.001297,0.000149,1
3.2935e-05,3.0853e-06,0.00023238,0.000156,1
2.3598e-05,2.4292e-06,0.0002492,0.000287,1
0.00013638,3.7068e-06,0.0020855,0.000306,1
0.0002606,7.6669e-06,0.0024924,0.00015,1
2.4345e-05,1.1342e-06,0.00029541,0.000151,1
4.2159e-06,2.4274e-07,4.8084e-05,0.000303,1
5.6716e-05,3.8422e-06,0.0011124,0.00015,1
1.5702e-05,2.8488e-06,0.00013613,0.000146,1
0.00028077,3.1318e-06,0.0031458,0.000151,1
5.6157e-05,7.6057e-06,0.00092618,0.000143,1
2.8166e-06,8.2268e-08,8.1103e-05,0.00016,1
2.9965e-07,2.016e-07,8.088e-06,0.000258,1
1.9525e-05,4.0811e-07,0.00071785,0.000154,1
2.1389e-05,4.353e-06,0.00032429,0.000146,1
0.00010462,1.9488e-06,0.00084162,0.000266,1
1.2707e-05,1.9795e-06,0.00025459,0.000151,1
7.4894e-06,1.16e-06,0.00012458,0.000288,1
3.0163e-06,2.6495e-06,0.00021123,0.000238,1
9.9623e-06,3.8609e-07,0.0001885,0.00026,1
8.7951e-05,5.7423e-06,0.002332,0.000263,1
1.1807e-05,9.9372e-07,0.00019422,0.000259,1
9.9359e-06,3.7737e-06,0.00020555,0.000249,1
2.1701e-05,7.4037e-07,0.00019791,0.000434,1
1.0876e-05,3.828e-06,0.0001084,0.000144,1
9.1208e-07,8.8392e-08,1.0185e-05,0.000146,1
1.6002e-05,2.077e-06,0.00013149,0.000153,1
1.1891e-06,6.1245e-07,3.1112e-05,0.000154,1
2.1597e-05,3.7764e-07,0.0001983,0.00014,1
1.3497e-05,8.911e-07,0.00016048,0.000292,1
1.0088e-05,7.4142e-07,0.00016534,0.000112,1
1.2267e-05,2.2219e-07,8.0052e-05,0.000108,1
1.4321e-05,6.1593e-07,0.00019077,0.000123,1
3.6041e-05,3.0598e-06,0.0004293,0.000251,1
3.2772e-05,2.5837e-06,0.0036636,0.000158,1
5.3542e-05,5.6506e-07,0.0006493,0.000155,1
5.4858e-07,2.6043e-06,0.00027974,0.000148,1
5.5455e-06,9.6521e-08,5.9702e-05,0.000158,1
1.3818e-05,3.7337e-07,0.00011151,0.000137,1
3.2369e-05,1.7822e-06,0.00037169,0.000262,1
4.0518e-06,2.8281e-07,3.3907e-05,0.000251,1
9.1415e-05,3.9879e-06,0.0015789,0.000235,1
1.3224e-05,1.0655e-05,0.00060206,0.000155,1
4.2746e-05,1.8099e-06,0.00052313,0.000156,1
8.461e-05,2.7671e-06,0.0020019,0.000152,1
1.8471e-06,1.8468e-07,1.3836e-05,0.000242,1
2.3897e-06,1.7399e-06,2.283e-05,0.000238,1
7.1016e-07,1.6422e-07,1.6011e-05,0.000152,1
5.6401e-06,1.1352e-06,5.35e-05,0.000147,1
2.6277e-05,2.0197e-06,0.00070446,0.000167,1
2.5771e-05,1.3186e-06,0.0001532,0.00015,1
3.0603e-05,7.0016e-07,0.00042317,0.000158,1
9.7975e-05,3.0472e-06,0.00057525,0.000247,1
6.189e-05,5.4865e-06,0.00049103,0.000418,1
6.9688e-06,1.6949e-07,9.5735e-05,0.000156,1
7.2467e-05,2.7752e-06,0.00087384,0.00015,1
2.8847e-05,1.4681e-06,0.00053277,0.00013,1
1.8221e-05,5.2205e-07,0.00025084,0.000261,1
2.329e-05,2.458e-06,0.0016066,0.000262,1
4.5402e-05,3.332e-06,0.00044762,0.000154,1
1.7494e-05,4.8812e-06,0.000611,0.00015,1
1.5638e-05,1.392e-07,9.3329e-05,0.000142,1
9.3514e-06,1.5007e-06,0.00013603,0.000161,1
2.7384e-06,1.3807e-06,1.401e-05,0.000145,1
1.3257e-06,4.8545e-06,0.00019732,0.00015,1
6.9166e-06,5.8705e-07,9.7209e-05,0.000153,1
2.5809e-05,6.155e-07,0.00018952,0.000151,1
2.5364e-06,1.8309e-06,1.4342e-05,0.00013,1
5.1615e-06,3.7754e-07,2.3959e-05,0.000146,1
6.15e-06,2.992e-07,9.7995e-05,0.000156,1
0.0001365,1.2514e-05,0.0015508,0.000158,1
0.00012184,5.8374e-06,0.0014702,0.000147,1
5.3214e-05,1.7244e-06,0.00088526,0.00014,1
2.0296e-05,1.9765e-06,0.00037501,0.000157,1
1.0865e-06,4.3633e-07,3.7326e-05,0.000154,1
9.2867e-05,2.1573e-06,0.0010175,0.000149,1
8.0454e-06,7.73e-07,0.00016925,0.00016,1
8.6309e-06,6.768e-07,4.9139e-05,0.000156,1
1.9728e-06,3.4151e-07,1.6192e-05,0.000149,1
3.5106e-05,9.3638e-07,0.00052375,0.000147,1
2.8126e-05,1.1618e-06,0.00022961,0.000158,1
5.3488e-07,2.869e-07,1.7485e-05,0.000151,1
6.3586e-06,1.1888e-06,6.9356e-05,0.00012,1
7.7011e-06,8.3239e-08,9.9385e-05,0.000275,1
2.1802e-05,6.9691e-07,0.00043995,0.00014,1
0.00025359,1.4299e-05,0.0045289,0.000132,1
0.00029063,2.6328e-05,0.0033817,0.000114,1
8.7153e-05,7.0096e-06,0.0017688,0.000231,1
5.3476e-05,3.5289e-06,0.00053622,0.000131,1
2.4006e-05,3.3357e-07,0.00022545,0.000157,1
1.34e-05,8.7506e-07,0.00056483,0.00027,1
4.5461e-05,1.4895e-06,0.00044443,0.000265,1
2.5293e-05,8.3861e-07,0.00026545,0.00014,1
9.0848e-06,1.2173e-06,0.00011186,0.000144,1
9.8959e-05,1.1609e-05,0.0019939,0.000147,1
0.00059415,5.8917e-05,0.0090534,0.000136,1
0.00040013,1.1014e-05,0.0036127,0.000148,1
2.8822e-05,1.2246e-06,0.00068382,0.000268,1
2.271e-06,7.0364e-07,5.177e-05,0.000269,1
1.0239e-05,4.9927e-06,0.00018989,0.000151,1
5.1511e-05,3.495e-06,0.0016201,0.000147,1
5.4672e-07,3.0239e-07,1.4874e-05,0.000155,1
4.607e-05,1.669e-06,0.00041585,0.000155,1
1.2937e-06,7.0853e-06,0.00032679,0.000176,1
3.243e-05,1.8982e-06,0.0003117,0.000158,1
1.0067e-05,4.4547e-07,7.626e-05,0.000149,1
4.7794e-05,1.2967e-06,0.00067795,0.000146,1
2.7594e-05,5.1164e-07,0.00053012,0.00015,1
9.4455e-05,4.1063e-06,0.0012651,0.000143,1
5.3913e-05,3.4239e-06,0.00064422,0.000146,1
6.2121e-06,3.1237e-07,5.6826e-05,0.000142,1
5.0677e-05,4.3736e-06,0.00043264,0.000157,1
8.3028e-05,4.5586e-06,0.00069626,0.000146,1
1.723e-05,2.2078e-06,0.00017705,0.000128,1
5.5313e-05,1.8122e-06,0.0005742,0.000133,1
1.0802e-06,1.6669e-07,1.6848e-05,0.000207,1
5.2332e-06,2.3489e-06,9.8069e-05,0.000269,1
7.5254e-05,3.3351e-06,0.0009524,0.00015,1
5.4459e-05,8.0248e-07,0.00082466,0.000258,1
3.2012e-06,2.6752e-07,3.7123e-05,0.000245,1
4.0967e-05,1.6263e-06,0.00028645,0.00016,1
3.5068e-05,3.4741e-07,0.00032397,0.000255,1
3.8496e-05,2.3906e-07,0.00055278,0.000148,1
4.7961e-06,1.2954e-06,6.6898e-05,0.000215,1
5.2681e-06,7.1753e-07,8.3807e-05,0.000252,1
5.8417e-06,1.1705e-06,0.00060882,0.0003,1
2.612e-06,3.9755e-07,5.0086e-05,0.000161,1
1.7133e-07,5.7444e-07,9.0582e-05,0.00026,1
3.2251e-06,3.5384e-06,0.00015857,0.000149,1
3.0583e-05,2.4795e-06,0.00050374,0.000262,1
1.4657e-05,2.7904e-06,0.00018379,0.000159,1
1.707e-08,5.4358e-07,2.4268e-05,0.000151,1
4.4692e-05,7.3535e-07,0.00095816,0.000281,1
6.5252e-05,1.9305e-06,0.00060753,0.000144,1
8.5712e-05,1.1926e-06,0.00087749,0.000144,1
2.0384e-05,2.1626e-06,0.00026993,0.00015,1
4.7067e-05,1.1887e-06,0.0003863,0.000175,1
1.2116e-05,3.1378e-07,0.00010439,0.000169,1
0.0004246,1.6531e-05,0.004313,0.000159,1
1.4266e-05,4.5309e-07,0.00012454,0.000147,1
2.4404e-05,7.12e-07,0.00024366,0.000261,1
5.2481e-06,4.9647e-07,3.7492e-05,0.000263,1
7.9648e-06,1.0649e-06,0.00017811,0.00025,1
0.00097324,3.2447e-05,0.0072187,0.00015,1
4.9254e-06,6.0124e-07,2.0182e-05,0.000149,1
0.00026189,1.6948e-05,0.0037521,0.000159,1
2.5502e-05,6.2281e-07,0.0021298,0.000259,1
1.9473e-05,6.8413e-07,0.00019489,0.000248,1
7.5872e-06,3.0104e-07,0.00011823,0.000154,1
5.6778e-05,3.2282e-06,0.00054859,0.000152,1
5.6743e-08,1.2552e-07,5.5089e-06,0.000153,1
4.4365e-06,4.4801e-07,4.8561e-05,0.000154,1
2.6298e-05,1.9114e-06,0.0007075,0.000131,1
1.7295e-05,2.9349e-06,0.00021319,0.000141,1
0.00010808,2.9998e-06,0.0013489,0.000146,1
8.8172e-05,3.5042e-06,0.0013628,0.000157,1
4.7154e-05,6.7364e-07,0.00094305,0.000131,1
5.7365e-05,5.4639e-06,0.00044613,0.000249,1
9.7861e-06,9.3581e-07,0.00010603,0.000269,1
4.7752e-05,5.7896e-07,0.00042701,0.000156,1
0.00019475,3.1223e-05,0.0030104,0.000151,1
4.6844e-05,5.4005e-07,0.00053949,0.000144,1
4.2681e-06,4.4928e-07,2.6542e-05,0.000268,1
5.625e-06,2.2185e-07,5.0109e-05,0.000263,1
1.0351e-05,1.1827e-07,0.00010676,0.000255,1
8.3513e-05,1.2136e-06,0.0011173,0.00025,1
5.0758e-06,1.5853e-06,8.1068e-05,0.00026,1
4.3777e-05,4.2082e-07,0.00081497,0.000163,1
5.6341e-05,4.2759e-06,0.00082451,0.000161,1
8.1808e-05,2.5429e-06,0.0014184,0.000166,1
2.4419e-05,2.9704e-06,0.00027755,0.000168,1
9.9408e-06,4.6985e-07,0.0001221,0.000155,1
2.937e-05,1.5901e-06,0.00032596,0.000161,1
1.5906e-05,1.7251e-06,0.0001633,0.000151,1
1.2542e-05,2.5024e-06,0.0001676,0.000165,1
6.1193e-06,3.9683e-06,0.00015101,0.000158,1
8.8343e-05,7.6721e-07,0.0036451,0.000276,1
3.5086e-05,6.5129e-06,0.00054841,0.000174,1
1.8279e-06,9.1129e-07,6.093e-05,0.000173,1
5.5923e-05,2.2394e-06,0.00073301,0.000136,1
3.3707e-05,1.8453e-07,0.00039263,0.00014,1
2.1459e-06,3.7166e-07,2.3651e-05,0.000133,1
4.1589e-06,2.4963e-07,7.3576e-05,0.000149,1
5.1449e-06,1.7069e-07,6.1416e-05,0.000172,1
1.3196e-05,5.8845e-07,0.00013525,0.00015,1
7.7943e-06,2.4056e-07,6.3252e-05,0.000159,1
0.00010158,4.6407e-06,0.0037676,0.000263,1
6.0021e-06,4.8263e-07,7.8329e-05,0.000125,1
0.00014248,8.3386e-06,0.0013796,0.000135,1
9.071e-05,3.9406e-07,0.0014717,0.000169,1
8.3271e-05,1.4334e-05,0.00040114,0.00022,1
3.7169e-05,8.5123e-06,0.00063063,0.000142,1
7.0054e-06,7.0206e-07,7.4432e-05,0.000141,1
5.2263e-05,3.1402e-06,0.00067461,0.000127,1
0.00025058,9.0491e-07,0.0044963,0.000259,1
3.6864e-06,4.3173e-07,6.4512e-05,0.000143,1
2.4701e-05,7.6695e-07,0.00030295,0.000137,1
3.4556e-06,8.8833e-07,3.4467e-05,0.000254,1
1.276e-05,1.878e-06,0.00010602,0.000126,1
3.8439e-05,2.799e-06,0.00032872,0.00013,1
1.4565e-05,5.5257e-06,0.00057133,0.000163,1
1.7068e-05,3.9906e-06,0.00039546,0.00012,1
1.1365e-06,2.5229e-07,1.3916e-05,0.000129,1
3.2691e-05,1.0407e-06,0.00038653,0.000124,1
1.1437e-05,6.754e-07,8.944e-05,0.000125,1
0.00015012,1.1712e-05,0.0014985,0.000125,1
9.2124e-06,1.1791e-06,4.9164e-05,0.00015,1
