R, t,algo
0.000158,0.114350,'p35p'
0.000233,0.079077,'p35p'
0.000286,0.264953,'p35p'
0.000348,0.344611,'p35p'
0.000377,0.702477,'p35p'
0.000401,0.839125,'p35p'
0.000974,0.771722,'p35p'
0.001084,0.455565,'p35p'
0.001183,0.528446,'p35p'
0.000382,-0.116328,'p35p'
0.001210,-0.488812,'p35p'
0.000683,-0.801248,'p35p'
0.001103,-0.892381,'p35p'
0.001764,-0.634348,'p35p'
0.001788,-0.372694,'p35p'
0.001956,-0.430892,'p35p'
0.001967,-0.419916,'p35p'
0.001918,-0.444832,'p35p'
0.001834,-0.420701,'p35p'
0.003780,-0.314722,'p35p'
0.003081,-0.271501,'p35p'
0.002605,-0.218796,'p35p'
0.000576,-0.074094,'p35p'
0.000212,0.004504,'p35p'
0.000442,0.861852,'p35p'
0.000532,0.596069,'p35p'
0.000503,0.611079,'p35p'
0.001117,0.072789,'p35p'
0.000926,0.147550,'p35p'
0.001144,0.061586,'p35p'
0.000434,0.699789,'p35p'
0.000669,0.373068,'p35p'
0.001211,0.121362,'p35p'
0.000737,-0.027433,'p35p'
0.000942,-0.015345,'p35p'
0.001053,0.037013,'p35p'
0.000837,0.587029,'p35p'
0.000079,0.037828,'p35p'
0.000137,0.370268,'p35p'
0.000194,0.446552,'p35p'
0.000223,0.908430,'p35p'
0.000246,1.048983,'p35p'
0.000858,0.918919,'p35p'
0.000969,0.516801,'p35p'
0.001071,0.595114,'p35p'
0.000288,-0.133735,'p35p'
0.001088,-0.517786,'p35p'
0.000668,-0.788774,'p35p'
0.001076,-0.797080,'p35p'
0.001681,-0.578998,'p35p'
0.001713,-0.351864,'p35p'
0.001842,-0.402955,'p35p'
0.001852,-0.414126,'p35p'
0.001798,-0.458008,'p35p'
0.001706,-0.449313,'p35p'
0.003645,-0.374726,'p35p'
0.002948,-0.351307,'p35p'
0.002758,-0.344943,'p35p'
0.000484,-0.281209,'p35p'
0.000266,-0.182288,'p35p'
0.000493,0.737804,'p35p'
0.000406,0.617088,'p35p'
0.000369,0.638874,'p35p'
0.001016,0.069991,'p35p'
0.000880,0.157299,'p35p'
0.001030,0.061531,'p35p'
0.000285,0.732352,'p35p'
0.000512,0.440145,'p35p'
0.001130,0.191118,'p35p'
0.000779,-0.015126,'p35p'
0.000979,-0.012745,'p35p'
0.001089,0.039275,'p35p'
0.000729,0.605084,'p35p'
0.000059,0.782855,'p35p'
0.000116,0.667568,'p35p'
0.000145,1.244328,'p35p'
0.000170,1.356507,'p35p'
0.000831,1.119637,'p35p'
0.000943,0.599465,'p35p'
0.001046,0.680987,'p35p'
0.000237,-0.145804,'p35p'
0.001015,-0.539134,'p35p'
0.000650,-0.758350,'p35p'
0.001048,-0.716517,'p35p'
0.001620,-0.515766,'p35p'
0.001655,-0.313400,'p35p'
0.001771,-0.359982,'p35p'
0.001780,-0.388363,'p35p'
0.001725,-0.448438,'p35p'
0.001631,-0.454828,'p35p'
0.003569,-0.408974,'p35p'
0.002875,-0.404357,'p35p'
0.002834,-0.432441,'p35p'
0.000471,-0.412802,'p35p'
0.000299,-0.180304,'p35p'
0.000552,0.655824,'p35p'
0.000334,0.638325,'p35p'
0.000294,0.669414,'p35p'
0.000951,0.077005,'p35p'
0.000841,0.175081,'p35p'
0.000961,0.068303,'p35p'
0.000217,0.758382,'p35p'
0.000444,0.504928,'p35p'
0.001074,0.269847,'p35p'
0.000796,0.006995,'p35p'
0.000993,-0.002024,'p35p'
0.001103,0.048261,'p35p'
0.000662,0.620009,'p35p'
0.000064,0.578179,'p35p'
0.000092,1.446403,'p35p'
0.000122,1.543630,'p35p'
0.000829,1.198985,'p35p'
0.000942,0.569653,'p35p'
0.001046,0.666631,'p35p'
0.000197,-0.212329,'p35p'
0.000956,-0.578287,'p35p'
0.000632,-0.695698,'p35p'
0.001020,-0.607792,'p35p'
0.001568,-0.421555,'p35p'
0.001604,-0.245439,'p35p'
0.001714,-0.289405,'p35p'
0.001723,-0.339059,'p35p'
0.001667,-0.420749,'p35p'
0.001573,-0.449439,'p35p'
0.003511,-0.441644,'p35p'
0.002820,-0.463041,'p35p'
0.002888,-0.526003,'p35p'
0.000479,-0.524412,'p35p'
0.000323,-0.032974,'p35p'
0.000605,0.619857,'p35p'
0.000277,0.634621,'p35p'
0.000237,0.662245,'p35p'
0.000896,0.056869,'p35p'
0.000804,0.163715,'p35p'
0.000907,0.051241,'p35p'
0.000177,0.751509,'p35p'
0.000405,0.543195,'p35p'
0.001026,0.341474,'p35p'
0.000806,0.016539,'p35p'
0.001000,-0.006792,'p35p'
0.001110,0.040808,'p35p'
0.000606,0.626865,'p35p'
0.000037,2.258996,'p35p'
0.000069,2.182528,'p35p'
0.000792,1.469862,'p35p'
0.000905,0.567208,'p35p'
0.001009,0.687324,'p35p'
0.000209,-0.291497,'p35p'
0.000913,-0.601059,'p35p'
0.000654,-0.591275,'p35p'
0.001029,-0.470630,'p35p'
0.001543,-0.295265,'p35p'
0.001582,-0.145054,'p35p'
0.001671,-0.185439,'p35p'
0.001680,-0.256901,'p35p'
0.001622,-0.361765,'p35p'
0.001524,-0.416820,'p35p'
0.003457,-0.458007,'p35p'
0.002766,-0.516352,'p35p'
0.002948,-0.621037,'p35p'
0.000462,-0.613287,'p35p'
0.000382,0.075536,'p35p'
0.000645,0.581652,'p35p'
0.000245,0.635980,'p35p'
0.000199,0.662758,'p35p'
0.000865,0.045572,'p35p'
0.000801,0.164751,'p35p'
0.000866,0.040804,'p35p'
0.000127,0.748919,'p35p'
0.000346,0.598182,'p35p'
0.001002,0.450110,'p35p'
0.000835,0.045152,'p35p'
0.001024,-0.000332,'p35p'
0.001132,0.041823,'p35p'
0.000575,0.635849,'p35p'
0.000036,1.823608,'p35p'
0.000789,0.942980,'p35p'
0.000898,0.133179,'p35p'
0.001003,0.337772,'p35p'
0.000212,-0.455700,'p35p'
0.000888,-0.574010,'p35p'
0.000642,-0.431561,'p35p'
0.001010,-0.293670,'p35p'
0.001521,-0.128452,'p35p'
0.001564,0.000000,'p35p'
0.001651,-0.042086,'p35p'
0.001659,-0.139561,'p35p'
0.001601,-0.273211,'p35p'
0.001502,-0.361357,'p35p'
0.003435,-0.458704,'p35p'
0.002749,-0.565999,'p35p'
0.002979,-0.705533,'p35p'
0.000484,-0.600719,'p35p'
0.000398,0.391808,'p35p'
0.000661,0.619145,'p35p'
0.000222,0.604929,'p35p'
0.000172,0.598183,'p35p'
0.000847,-0.029035,'p35p'
0.000803,0.096001,'p35p'
0.000853,-0.024821,'p35p'
0.000136,0.699299,'p35p'
0.000320,0.597640,'p35p'
0.000995,0.499343,'p35p'
0.000865,0.032587,'p35p'
0.001053,-0.034840,'p35p'
0.001162,0.001521,'p35p'
0.000557,0.633443,'p35p'
0.000769,0.504323,'p35p'
0.000872,-0.200818,'p35p'
0.000979,0.089485,'p35p'
0.000239,-0.500573,'p35p'
0.000882,-0.465067,'p35p'
0.000649,-0.276395,'p35p'
0.001012,-0.142611,'p35p'
0.001520,0.005969,'p35p'
0.001569,0.110780,'p35p'
0.001649,0.069701,'p35p'
0.001656,-0.046694,'p35p'
0.001597,-0.199915,'p35p'
0.001496,-0.311826,'p35p'
0.003426,-0.453893,'p35p'
0.002742,-0.600588,'p35p'
0.003004,-0.749977,'p35p'
0.000491,-0.541034,'p35p'
0.000422,0.543747,'p35p'
0.000664,0.625971,'p35p'
0.000227,0.595996,'p35p'
0.000172,0.571705,'p35p'
0.000851,-0.073995,'p35p'
0.000826,0.058720,'p35p'
0.000857,-0.066502,'p35p'
0.000148,0.677009,'p35p'
0.000288,0.619351,'p35p'
0.001008,0.565988,'p35p'
0.000900,0.036894,'p35p'
0.001087,-0.052345,'p35p'
0.001195,-0.021475,'p35p'
0.000561,0.636686,'p35p'
0.000203,-0.520665,'p35p'
0.000249,-0.125647,'p35p'
0.000994,-0.350013,'p35p'
0.001356,-0.214059,'p35p'
0.001391,-0.020760,'p35p'
0.001721,0.083536,'p35p'
0.002091,0.188435,'p35p'
0.002149,0.244234,'p35p'
0.002018,0.212607,'p35p'
0.002021,0.076129,'p35p'
0.001939,-0.094649,'p35p'
0.001786,-0.231840,'p35p'
0.003514,-0.432332,'p35p'
0.002803,-0.622827,'p35p'
0.003289,-0.746606,'p35p'
0.000568,-0.461785,'p35p'
0.001116,0.535306,'p35p'
0.000913,0.591499,'p35p'
0.000943,0.618467,'p35p'
0.000894,0.594281,'p35p'
0.001426,-0.084266,'p35p'
0.001475,0.067030,'p35p'
0.001303,-0.084532,'p35p'
0.000735,0.687077,'p35p'
0.000601,0.702514,'p35p'
0.001559,0.748995,'p35p'
0.001392,0.096942,'p35p'
0.001535,-0.037062,'p35p'
0.001609,-0.018095,'p35p'
0.001183,0.656253,'p35p'
0.000119,1.382474,'p35p'
0.001108,-0.251227,'p35p'
0.001436,-0.094388,'p35p'
0.001454,0.099791,'p35p'
0.001764,0.185206,'p35p'
0.002160,0.262243,'p35p'
0.002240,0.291284,'p35p'
0.002107,0.273342,'p35p'
0.002106,0.138241,'p35p'
0.002022,-0.028166,'p35p'
0.001867,-0.165127,'p35p'
0.003565,-0.386931,'p35p'
0.002880,-0.583912,'p35p'
0.003382,-0.722440,'p35p'
0.000750,-0.503051,'p35p'
0.001214,0.291110,'p35p'
0.000964,0.504030,'p35p'
0.001046,0.643944,'p35p'
0.000994,0.666035,'p35p'
0.001528,0.044951,'p35p'
0.001618,0.211682,'p35p'
0.001428,0.014955,'p35p'
0.000868,0.726328,'p35p'
0.000680,0.768582,'p35p'
0.001693,0.953178,'p35p'
0.001568,0.245786,'p35p'
0.001719,0.069928,'p35p'
0.001798,0.072912,'p35p'
0.001289,0.666818,'p35p'
0.001212,0.207219,'p35p'
0.001523,0.226106,'p35p'
0.001570,0.350038,'p35p'
0.001881,0.382292,'p35p'
0.002253,0.408861,'p35p'
0.002329,0.395822,'p35p'
0.002171,0.386355,'p35p'
0.002170,0.237931,'p35p'
0.002084,0.061264,'p35p'
0.001925,-0.092110,'p35p'
0.003583,-0.351990,'p35p'
0.002893,-0.569824,'p35p'
0.003434,-0.670489,'p35p'
0.000813,-0.417110,'p35p'
0.001320,0.368739,'p35p'
0.001055,0.509613,'p35p'
0.001150,0.643714,'p35p'
0.001100,0.653288,'p35p'
0.001619,0.021234,'p35p'
0.001707,0.199568,'p35p'
0.001503,-0.017948,'p35p'
0.000964,0.715098,'p35p'
0.000785,0.799463,'p35p'
0.001773,1.064179,'p35p'
0.001639,0.289539,'p35p'
0.001782,0.072515,'p35p'
0.001855,0.062733,'p35p'
0.001386,0.674555,'p35p'
0.000831,0.285922,'p35p'
0.000512,0.446457,'p35p'
0.000882,0.457629,'p35p'
0.001399,0.458056,'p35p'
0.001425,0.434370,'p35p'
0.001578,0.448335,'p35p'
0.001588,0.332061,'p35p'
0.001539,0.193304,'p35p'
0.001461,0.076383,'p35p'
0.003415,-0.202058,'p35p'
0.002734,-0.409453,'p35p'
0.002932,-0.627378,'p35p'
0.000617,-0.610253,'p35p'
0.000312,-0.178934,'p35p'
0.000766,0.264131,'p35p'
0.000181,0.515669,'p35p'
0.000187,0.620933,'p35p'
0.000736,0.569536,'p35p'
0.000625,0.664455,'p35p'
0.000782,0.448678,'p35p'
0.000272,0.624771,'p35p'
0.000496,0.600242,'p35p'
0.000861,1.078871,'p35p'
0.000753,0.782357,'p35p'
0.000942,0.510258,'p35p'
0.001055,0.446758,'p35p'
0.000455,0.561438,'p35p'
0.000929,0.545460,'p35p'
0.000945,0.495494,'p35p'
0.000748,0.461218,'p35p'
0.000811,0.430197,'p35p'
0.000796,0.462536,'p35p'
0.000798,0.384490,'p35p'
0.000743,0.295248,'p35p'
0.000673,0.228088,'p35p'
0.002624,-0.074816,'p35p'
0.002011,-0.266800,'p35p'
0.003725,-0.539868,'p35p'
0.001189,-0.671533,'p35p'
0.001113,-0.512410,'p35p'
0.001533,0.047227,'p35p'
0.000684,0.291772,'p35p'
0.000726,0.416223,'p35p'
0.000248,0.780100,'p35p'
0.000718,0.729514,'p35p'
0.000359,0.723607,'p35p'
0.000883,0.408691,'p35p'
0.000828,0.290039,'p35p'
0.000533,0.684731,'p35p'
0.001332,0.956305,'p35p'
0.001442,0.775864,'p35p'
0.001529,0.689378,'p35p'
0.000392,0.364630,'p35p'
0.000421,0.475743,'p35p'
0.001253,0.449416,'p35p'
0.001333,0.442281,'p35p'
0.001655,0.473745,'p35p'
0.001661,0.464872,'p35p'
0.001629,0.465677,'p35p'
0.001592,0.494255,'p35p'
0.003533,0.145239,'p35p'
0.002934,-0.028392,'p35p'
0.002978,-0.356631,'p35p'
0.001108,-0.571662,'p35p'
0.000480,-0.786070,'p35p'
0.000964,-0.156970,'p35p'
0.000545,0.075580,'p35p'
0.000561,0.210499,'p35p'
0.000823,0.660245,'p35p'
0.000802,0.540093,'p35p'
0.001031,0.693927,'p35p'
0.000755,0.182875,'p35p'
0.000842,-0.000409,'p35p'
0.001027,0.248997,'p35p'
0.001095,0.726688,'p35p'
0.001280,0.730062,'p35p'
0.001397,0.688096,'p35p'
0.000648,0.147914,'p35p'
0.001011,0.420136,'p35p'
0.001138,0.443875,'p35p'
0.001558,0.428748,'p35p'
0.001559,0.528380,'p35p'
0.001543,0.672675,'p35p'
0.001544,0.853530,'p35p'
0.003406,0.409424,'p35p'
0.002886,0.242866,'p35p'
0.003278,-0.157571,'p35p'
0.001486,-0.410946,'p35p'
0.000900,-0.823427,'p35p'
0.001363,-0.334842,'p35p'
0.000860,-0.115992,'p35p'
0.000889,0.021876,'p35p'
0.000858,0.423480,'p35p'
0.000967,0.301752,'p35p'
0.001144,0.488114,'p35p'
0.001113,-0.018891,'p35p'
0.001139,-0.237191,'p35p'
0.001097,-0.087046,'p35p'
0.001431,0.379425,'p35p'
0.001593,0.481443,'p35p'
0.001705,0.496775,'p35p'
0.000818,-0.042152,'p35p'
0.000269,0.524688,'p35p'
0.000712,0.072635,'p35p'
0.000710,0.436911,'p35p'
0.000741,0.787031,'p35p'
0.000844,1.177763,'p35p'
0.002476,0.889764,'p35p'
0.002033,0.725292,'p35p'
0.004066,0.176871,'p35p'
0.001882,-0.140840,'p35p'
0.001605,-0.575184,'p35p'
0.002114,-0.517525,'p35p'
0.001299,-0.314331,'p35p'
0.001349,-0.173765,'p35p'
0.000730,0.162189,'p35p'
0.001071,0.053589,'p35p'
0.000953,0.226532,'p35p'
0.001545,-0.226096,'p35p'
0.001529,-0.472876,'p35p'
0.000857,-0.394225,'p35p'
0.001791,0.020001,'p35p'
0.001872,0.163214,'p35p'
0.001950,0.221110,'p35p'
0.000991,-0.227223,'p35p'
0.000650,-0.736535,'p35p'
0.000660,-0.466214,'p35p'
0.000710,-0.090610,'p35p'
0.000834,0.287630,'p35p'
0.002447,1.069955,'p35p'
0.001965,1.159994,'p35p'
0.004019,0.574396,'p35p'
0.001886,0.171333,'p35p'
0.001637,-0.293791,'p35p'
0.002171,-0.628197,'p35p'
0.001343,-0.487454,'p35p'
0.001399,-0.352607,'p35p'
0.000736,-0.057794,'p35p'
0.000989,-0.154521,'p35p'
0.000914,0.005606,'p35p'
0.001572,-0.398854,'p35p'
0.001600,-0.668055,'p35p'
0.000749,-0.614894,'p35p'
0.001705,-0.249658,'p35p'
0.001758,-0.094180,'p35p'
0.001824,-0.014566,'p35p'
0.001015,-0.347209,'p35p'
0.000034,4.426383,'p35p'
0.000110,2.189715,'p35p'
0.000283,2.222814,'p35p'
0.001917,2.301050,'p35p'
0.001355,1.611570,'p35p'
0.004356,0.518879,'p35p'
0.001860,0.077250,'p35p'
0.001860,-0.363973,'p35p'
0.002310,-0.652702,'p35p'
0.001452,-0.503483,'p35p'
0.001498,-0.371439,'p35p'
0.000862,-0.059730,'p35p'
0.001210,-0.128209,'p35p'
0.000843,0.049871,'p35p'
0.001619,-0.394600,'p35p'
0.001581,-0.657963,'p35p'
0.000855,-0.618854,'p35p'
0.001868,-0.239742,'p35p'
0.001905,-0.072876,'p35p'
0.001956,0.006106,'p35p'
0.001126,-0.371800,'p35p'
0.000095,1.119083,'p35p'
0.000275,1.612652,'p35p'
0.001904,1.766078,'p35p'
0.001350,1.254595,'p35p'
0.004376,0.343667,'p35p'
0.001871,-0.004798,'p35p'
0.001871,-0.351590,'p35p'
0.002317,-0.645243,'p35p'
0.001460,-0.579464,'p35p'
0.001505,-0.469025,'p35p'
0.000873,-0.173693,'p35p'
0.001231,-0.232259,'p35p'
0.000858,-0.047889,'p35p'
0.001628,-0.455299,'p35p'
0.001584,-0.711827,'p35p'
0.000877,-0.673052,'p35p'
0.001890,-0.341081,'p35p'
0.001930,-0.170270,'p35p'
0.001982,-0.082597,'p35p'
0.001136,-0.393810,'p35p'
0.000181,2.283347,'p35p'
0.001920,0.725366,'p35p'
0.001348,0.606941,'p35p'
0.004353,0.050442,'p35p'
0.001805,-0.161995,'p35p'
0.001828,-0.384877,'p35p'
0.002259,-0.601017,'p35p'
0.001406,-0.611438,'p35p'
0.001449,-0.533498,'p35p'
0.000838,-0.269319,'p35p'
0.001212,-0.315941,'p35p'
0.000807,-0.124141,'p35p'
0.001567,-0.480116,'p35p'
0.001512,-0.708237,'p35p'
0.000859,-0.660675,'p35p'
0.001860,-0.400054,'p35p'
0.001905,-0.232752,'p35p'
0.001959,-0.139464,'p35p'
0.001089,-0.385141,'p35p'
0.001961,-0.014146,'p35p'
0.001349,0.155511,'p35p'
0.004307,-0.139002,'p35p'
0.001681,-0.246313,'p35p'
0.001759,-0.367099,'p35p'
0.002158,-0.549007,'p35p'
0.001319,-0.632570,'p35p'
0.001358,-0.594530,'p35p'
0.000802,-0.379497,'p35p'
0.001187,-0.412144,'p35p'
0.000726,-0.218956,'p35p'
0.001461,-0.501094,'p35p'
0.001389,-0.687147,'p35p'
0.000843,-0.631619,'p35p'
0.001802,-0.468489,'p35p'
0.001853,-0.312683,'p35p'
0.001909,-0.214145,'p35p'
0.001022,-0.373771,'p35p'
0.000847,0.588975,'p35p'
0.006215,-0.080470,'p35p'
0.003532,-0.188427,'p35p'
0.003718,-0.255410,'p35p'
0.004078,-0.384891,'p35p'
0.003268,-0.569615,'p35p'
0.003302,-0.599807,'p35p'
0.002753,-0.573192,'p35p'
0.003095,-0.563627,'p35p'
0.002661,-0.425860,'p35p'
0.003382,-0.459521,'p35p'
0.003268,-0.578112,'p35p'
0.002732,-0.526613,'p35p'
0.003670,-0.548293,'p35p'
0.003670,-0.464949,'p35p'
0.003692,-0.377589,'p35p'
0.002983,-0.297661,'p35p'
0.005468,-0.247794,'p35p'
0.002783,-0.249142,'p35p'
0.003043,-0.220346,'p35p'
0.003387,-0.235702,'p35p'
0.002599,-0.450699,'p35p'
0.002632,-0.503387,'p35p'
0.002125,-0.613906,'p35p'
0.002415,-0.576174,'p35p'
0.001970,-0.491754,'p35p'
0.002676,-0.362616,'p35p'
0.002594,-0.456090,'p35p'
0.002059,-0.406932,'p35p'
0.002917,-0.491700,'p35p'
0.002904,-0.466307,'p35p'
0.002918,-0.400643,'p35p'
0.002328,-0.197914,'p35p'
0.002918,-0.262041,'p35p'
0.002665,-0.164385,'p35p'
0.002530,0.028241,'p35p'
0.003109,-0.242856,'p35p'
0.003094,-0.290682,'p35p'
0.003551,-0.487267,'p35p'
0.003146,-0.443504,'p35p'
0.003587,-0.418068,'p35p'
0.003005,-0.164944,'p35p'
0.003255,-0.290570,'p35p'
0.003505,-0.270164,'p35p'
0.002551,-0.366454,'p35p'
0.002573,-0.367185,'p35p'
0.002577,-0.320949,'p35p'
0.003335,-0.013811,'p35p'
0.000735,-0.000963,'p35p'
0.000734,0.425971,'p35p'
0.000650,0.043291,'p35p'
0.000616,0.002894,'p35p'
0.001159,-0.292378,'p35p'
0.001039,-0.251428,'p35p'
0.001036,-0.266733,'p35p'
0.000380,0.104141,'p35p'
0.000544,-0.076148,'p35p'
0.001207,-0.102388,'p35p'
0.000826,-0.219061,'p35p'
0.000970,-0.228118,'p35p'
0.001049,-0.187642,'p35p'
0.000896,0.232426,'p35p'
0.000584,0.987872,'p35p'
0.000469,0.563778,'p35p'
0.000456,0.562138,'p35p'
0.001002,0.047904,'p35p'
0.000823,0.091727,'p35p'
0.001083,0.019627,'p35p'
0.000489,0.584575,'p35p'
0.000703,0.278155,'p35p'
0.001117,0.107555,'p35p'
0.000771,-0.026052,'p35p'
0.000977,-0.021740,'p35p'
0.001094,0.026209,'p35p'
0.000739,0.573474,'p35p'
0.000861,-0.095507,'p35p'
0.000813,0.090713,'p35p'
0.001487,-0.050121,'p35p'
0.001360,-0.075724,'p35p'
0.001510,-0.070129,'p35p'
0.000724,-0.038931,'p35p'
0.000822,-0.504433,'p35p'
0.001621,-0.693898,'p35p'
0.001115,-0.406247,'p35p'
0.001309,-0.277777,'p35p'
0.001409,-0.191235,'p35p'
0.001199,-0.106358,'p35p'
0.000059,0.766455,'p35p'
0.000631,-0.020251,'p35p'
0.000645,-0.079079,'p35p'
0.000676,-0.080118,'p35p'
0.000271,0.080560,'p35p'
0.000382,0.083790,'p35p'
0.000806,-0.394914,'p35p'
0.000892,-0.634261,'p35p'
0.001068,-0.408049,'p35p'
0.001177,-0.269853,'p35p'
0.000342,0.722992,'p35p'
0.000685,-0.149549,'p35p'
0.000700,-0.238735,'p35p'
0.000722,-0.186429,'p35p'
0.000236,0.177107,'p35p'
0.000337,0.927127,'p35p'
0.000862,0.684438,'p35p'
0.000908,-0.847548,'p35p'
0.001088,-0.553459,'p35p'
0.001197,-0.384152,'p35p'
0.000396,0.790593,'p35p'
0.000488,-0.287132,'p35p'
0.000310,-0.212630,'p35p'
0.000843,0.034016,'p35p'
0.000878,0.223437,'p35p'
0.000339,1.363389,'p35p'
0.001153,2.162179,'p35p'
0.001256,-0.043031,'p35p'
0.001343,-0.014598,'p35p'
0.000291,0.314128,'p35p'
0.000536,-0.119746,'p35p'
0.000783,0.019857,'p35p'
0.000982,0.304313,'p35p'
0.000364,1.250587,'p35p'
0.000723,0.283530,'p35p'
0.000807,-0.435714,'p35p'
0.000894,-0.272237,'p35p'
0.000456,0.292330,'p35p'
0.000800,-0.032457,'p35p'
0.000843,0.158195,'p35p'
0.000320,0.672159,'p35p'
0.001091,1.455996,'p35p'
0.001169,0.874629,'p35p'
0.001241,0.430037,'p35p'
0.000390,0.185388,'p35p'
0.000318,1.542436,'p35p'
0.000958,-0.052712,'p35p'
0.000813,-0.561633,'p35p'
0.000989,-0.407327,'p35p'
0.001092,-0.291015,'p35p'
0.000559,0.595451,'p35p'
0.001071,-0.686970,'p35p'
0.001128,-0.363546,'p35p'
0.001298,-0.186820,'p35p'
0.001397,-0.055680,'p35p'
0.000621,0.458127,'p35p'
0.001027,0.041315,'p35p'
0.001079,0.187292,'p35p'
0.001146,0.322387,'p35p'
0.000499,-0.064024,'p35p'
0.000207,0.552228,'p35p'
0.000323,0.704421,'p35p'
0.000977,-0.257794,'p35p'
0.000119,0.718896,'p35p'
0.001113,-0.152141,'p35p'
0.001212,-0.065433,'p35p'
0.000157,0.113857,'p4p'
0.000231,0.078576,'p4p'
0.000283,0.264272,'p4p'
0.000337,0.343820,'p4p'
0.000362,0.701353,'p4p'
0.000396,0.838013,'p4p'
0.000967,0.770659,'p4p'
0.001080,0.454828,'p4p'
0.001183,0.527635,'p4p'
0.000370,-0.116607,'p4p'
0.001178,-0.488781,'p4p'
0.000607,-0.801010,'p4p'
0.001016,-0.892006,'p4p'
0.001706,-0.634710,'p4p'
0.001739,-0.373303,'p4p'
0.001912,-0.431202,'p4p'
0.001918,-0.420412,'p4p'
0.001868,-0.445500,'p4p'
0.001786,-0.421480,'p4p'
0.003763,-0.315167,'p4p'
0.003027,-0.271792,'p4p'
0.002941,-0.220151,'p4p'
0.000564,-0.075707,'p4p'
0.000214,0.002748,'p4p'
0.000476,0.861647,'p4p'
0.000515,0.595677,'p4p'
0.000488,0.610617,'p4p'
0.001101,0.072173,'p4p'
0.000917,0.146760,'p4p'
0.001137,0.060793,'p4p'
0.000422,0.699040,'p4p'
0.000664,0.372121,'p4p'
0.001213,0.120311,'p4p'
0.000700,-0.028129,'p4p'
0.000926,-0.016199,'p4p'
0.001044,0.036173,'p4p'
0.000808,0.586463,'p4p'
0.000077,0.037319,'p4p'
0.000134,0.369428,'p4p'
0.000184,0.445582,'p4p'
0.000210,0.907013,'p4p'
0.000242,1.047635,'p4p'
0.000852,0.917694,'p4p'
0.000967,0.515998,'p4p'
0.001072,0.594232,'p4p'
0.000275,-0.133978,'p4p'
0.001056,-0.517618,'p4p'
0.000596,-0.788328,'p4p'
0.000988,-0.796542,'p4p'
0.001623,-0.579068,'p4p'
0.001665,-0.352231,'p4p'
0.001799,-0.403037,'p4p'
0.001803,-0.414402,'p4p'
0.001749,-0.458484,'p4p'
0.001660,-0.449952,'p4p'
0.003630,-0.375055,'p4p'
0.002896,-0.351525,'p4p'
0.003095,-0.346218,'p4p'
0.000475,-0.282725,'p4p'
0.000266,-0.183403,'p4p'
0.000535,0.737697,'p4p'
0.000388,0.616762,'p4p'
0.000352,0.638475,'p4p'
0.001000,0.069378,'p4p'
0.000871,0.156497,'p4p'
0.001022,0.060725,'p4p'
0.000274,0.731644,'p4p'
0.000509,0.439203,'p4p'
0.001130,0.190045,'p4p'
0.000741,-0.015815,'p4p'
0.000963,-0.013608,'p4p'
0.001080,0.038425,'p4p'
0.000698,0.604544,'p4p'
0.000058,0.781568,'p4p'
0.000107,0.666306,'p4p'
0.000133,1.242504,'p4p'
0.000167,1.354873,'p4p'
0.000826,1.118236,'p4p'
0.000940,0.598600,'p4p'
0.001047,0.680039,'p4p'
0.000227,-0.146015,'p4p'
0.000984,-0.538847,'p4p'
0.000581,-0.757823,'p4p'
0.000959,-0.715980,'p4p'
0.001564,-0.515684,'p4p'
0.001610,-0.313601,'p4p'
0.001730,-0.359913,'p4p'
0.001734,-0.388472,'p4p'
0.001678,-0.448751,'p4p'
0.001587,-0.455333,'p4p'
0.003555,-0.409188,'p4p'
0.002825,-0.404500,'p4p'
0.003170,-0.433612,'p4p'
0.000463,-0.414221,'p4p'
0.000299,-0.181126,'p4p'
0.000594,0.655772,'p4p'
0.000317,0.638059,'p4p'
0.000278,0.669078,'p4p'
0.000936,0.076399,'p4p'
0.000833,0.174273,'p4p'
0.000955,0.067488,'p4p'
0.000208,0.757716,'p4p'
0.000443,0.504001,'p4p'
0.001075,0.268758,'p4p'
0.000758,0.006320,'p4p'
0.000977,-0.002889,'p4p'
0.001093,0.047408,'p4p'
0.000632,0.619493,'p4p'
0.000056,0.576899,'p4p'
0.000080,1.444307,'p4p'
0.000119,1.541885,'p4p'
0.000824,1.197561,'p4p'
0.000938,0.568856,'p4p'
0.001046,0.665731,'p4p'
0.000190,-0.212413,'p4p'
0.000926,-0.577770,'p4p'
0.000565,-0.695151,'p4p'
0.000931,-0.607319,'p4p'
0.001513,-0.421385,'p4p'
0.001560,-0.245508,'p4p'
0.001674,-0.289223,'p4p'
0.001678,-0.339019,'p4p'
0.001622,-0.420894,'p4p'
0.001531,-0.449787,'p4p'
0.003499,-0.441710,'p4p'
0.002771,-0.463083,'p4p'
0.003222,-0.527008,'p4p'
0.000471,-0.525712,'p4p'
0.000322,-0.033732,'p4p'
0.000647,0.619788,'p4p'
0.000261,0.634380,'p4p'
0.000222,0.661961,'p4p'
0.000882,0.056287,'p4p'
0.000797,0.162913,'p4p'
0.000902,0.050431,'p4p'
0.000172,0.750866,'p4p'
0.000406,0.542256,'p4p'
0.001027,0.340350,'p4p'
0.000767,0.015880,'p4p'
0.000983,-0.007652,'p4p'
0.001099,0.039960,'p4p'
0.000578,0.626344,'p4p'
0.000033,2.256097,'p4p'
0.000072,2.180516,'p4p'
0.000790,1.468366,'p4p'
0.000905,0.566539,'p4p'
0.001013,0.686503,'p4p'
0.000201,-0.291330,'p4p'
0.000889,-0.600199,'p4p'
0.000588,-0.590749,'p4p'
0.000940,-0.470250,'p4p'
0.001492,-0.295084,'p4p'
0.001542,-0.145069,'p4p'
0.001638,-0.185223,'p4p'
0.001641,-0.256789,'p4p'
0.001583,-0.361803,'p4p'
0.001488,-0.417050,'p4p'
0.003453,-0.457945,'p4p'
0.002725,-0.516302,'p4p'
0.003276,-0.621751,'p4p'
0.000456,-0.614295,'p4p'
0.000374,0.074838,'p4p'
0.000681,0.581484,'p4p'
0.000233,0.635665,'p4p'
0.000189,0.662436,'p4p'
0.000856,0.044975,'p4p'
0.000795,0.163908,'p4p'
0.000866,0.039971,'p4p'
0.000129,0.748227,'p4p'
0.000355,0.597137,'p4p'
0.001006,0.448854,'p4p'
0.000792,0.044458,'p4p'
0.001003,-0.001224,'p4p'
0.001118,0.040948,'p4p'
0.000551,0.635266,'p4p'
0.000041,1.822674,'p4p'
0.000789,0.942066,'p4p'
0.000899,0.132993,'p4p'
0.001008,0.337318,'p4p'
0.000204,-0.455069,'p4p'
0.000867,-0.572947,'p4p'
0.000580,-0.431160,'p4p'
0.000923,-0.293415,'p4p'
0.001473,-0.128305,'p4p'
0.001528,0.000000,'p4p'
0.001622,-0.041878,'p4p'
0.001624,-0.139414,'p4p'
0.001566,-0.273168,'p4p'
0.001471,-0.361477,'p4p'
0.003434,-0.458515,'p4p'
0.002710,-0.565862,'p4p'
0.003302,-0.705777,'p4p'
0.000477,-0.601385,'p4p'
0.000387,0.390893,'p4p'
0.000696,0.618834,'p4p'
0.000212,0.604502,'p4p'
0.000164,0.597796,'p4p'
0.000839,-0.029628,'p4p'
0.000797,0.095140,'p4p'
0.000855,-0.025649,'p4p'
0.000139,0.698545,'p4p'
0.000332,0.596488,'p4p'
0.001000,0.497980,'p4p'
0.000819,0.031869,'p4p'
0.001030,-0.035741,'p4p'
0.001145,0.000643,'p4p'
0.000535,0.632777,'p4p'
0.000765,0.503446,'p4p'
0.000870,-0.200789,'p4p'
0.000981,0.089134,'p4p'
0.000233,-0.499704,'p4p'
0.000852,-0.464080,'p4p'
0.000596,-0.276049,'p4p'
0.000928,-0.142363,'p4p'
0.001468,0.006172,'p4p'
0.001528,0.110873,'p4p'
0.001612,0.069979,'p4p'
0.001614,-0.046449,'p4p'
0.001554,-0.199751,'p4p'
0.001456,-0.311805,'p4p'
0.003416,-0.453579,'p4p'
0.002695,-0.600381,'p4p'
0.003336,-0.749744,'p4p'
0.000484,-0.541473,'p4p'
0.000419,0.542816,'p4p'
0.000707,0.625649,'p4p'
0.000210,0.595558,'p4p'
0.000156,0.571324,'p4p'
0.000836,-0.074595,'p4p'
0.000817,0.057842,'p4p'
0.000850,-0.067344,'p4p'
0.000146,0.676264,'p4p'
0.000293,0.618200,'p4p'
0.001006,0.564610,'p4p'
0.000857,0.036180,'p4p'
0.001066,-0.053251,'p4p'
0.001180,-0.022358,'p4p'
0.000532,0.636014,'p4p'
0.000204,-0.519597,'p4p'
0.000254,-0.125595,'p4p'
0.000984,-0.349050,'p4p'
0.001326,-0.213224,'p4p'
0.001351,-0.020515,'p4p'
0.001651,0.083737,'p4p'
0.002038,0.188662,'p4p'
0.002108,0.244399,'p4p'
0.001975,0.212929,'p4p'
0.001973,0.076451,'p4p'
0.001890,-0.094374,'p4p'
0.001741,-0.231674,'p4p'
0.003506,-0.431896,'p4p'
0.002762,-0.622555,'p4p'
0.003630,-0.745839,'p4p'
0.000568,-0.462036,'p4p'
0.001111,0.534395,'p4p'
0.000937,0.591154,'p4p'
0.000927,0.617999,'p4p'
0.000879,0.593893,'p4p'
0.001407,-0.084884,'p4p'
0.001461,0.066107,'p4p'
0.001288,-0.085404,'p4p'
0.000722,0.686330,'p4p'
0.000585,0.701322,'p4p'
0.001548,0.747514,'p4p'
0.001359,0.096207,'p4p'
0.001513,-0.037993,'p4p'
0.001591,-0.019001,'p4p'
0.001155,0.655559,'p4p'
0.000123,1.380908,'p4p'
0.001100,-0.250278,'p4p'
0.001406,-0.093554,'p4p'
0.001430,0.100058,'p4p'
0.001707,0.185413,'p4p'
0.002113,0.262529,'p4p'
0.002204,0.291542,'p4p'
0.002068,0.273760,'p4p'
0.002063,0.138664,'p4p'
0.001978,-0.027788,'p4p'
0.001827,-0.164853,'p4p'
0.003556,-0.386386,'p4p'
0.002839,-0.583538,'p4p'
0.003720,-0.721438,'p4p'
0.000751,-0.503098,'p4p'
0.001212,0.290481,'p4p'
0.000989,0.503818,'p4p'
0.001030,0.643619,'p4p'
0.000980,0.665782,'p4p'
0.001509,0.044329,'p4p'
0.001604,0.210739,'p4p'
0.001412,0.014028,'p4p'
0.000857,0.725702,'p4p'
0.000664,0.767544,'p4p'
0.001681,0.951747,'p4p'
0.001535,0.245083,'p4p'
0.001699,0.068984,'p4p'
0.001782,0.071981,'p4p'
0.001262,0.666223,'p4p'
0.001208,0.207868,'p4p'
0.001497,0.226763,'p4p'
0.001548,0.350197,'p4p'
0.001827,0.382438,'p4p'
0.002209,0.409131,'p4p'
0.002296,0.396091,'p4p'
0.002134,0.386766,'p4p'
0.002129,0.238370,'p4p'
0.002042,0.061681,'p4p'
0.001886,-0.091772,'p4p'
0.003575,-0.351416,'p4p'
0.002854,-0.569474,'p4p'
0.003775,-0.669458,'p4p'
0.000819,-0.417171,'p4p'
0.001323,0.368032,'p4p'
0.001081,0.509356,'p4p'
0.001140,0.643348,'p4p'
0.001090,0.653015,'p4p'
0.001604,0.020613,'p4p'
0.001697,0.198604,'p4p'
0.001490,-0.018886,'p4p'
0.000957,0.714459,'p4p'
0.000774,0.798392,'p4p'
0.001765,1.062684,'p4p'
0.001610,0.288828,'p4p'
0.001765,0.071569,'p4p'
0.001842,0.061801,'p4p'
0.001363,0.673933,'p4p'
0.000812,0.286583,'p4p'
0.000433,0.446718,'p4p'
0.000787,0.457610,'p4p'
0.001352,0.458319,'p4p'
0.001390,0.434699,'p4p'
0.001548,0.448882,'p4p'
0.001553,0.332621,'p4p'
0.001504,0.193821,'p4p'
0.001428,0.076806,'p4p'
0.003411,-0.201279,'p4p'
0.002692,-0.408800,'p4p'
0.003256,-0.626126,'p4p'
0.000604,-0.609821,'p4p'
0.000303,-0.179121,'p4p'
0.000796,0.264166,'p4p'
0.000179,0.515721,'p4p'
0.000187,0.621069,'p4p'
0.000733,0.569133,'p4p'
0.000626,0.663716,'p4p'
0.000788,0.447770,'p4p'
0.000274,0.624511,'p4p'
0.000501,0.599711,'p4p'
0.000873,1.077857,'p4p'
0.000709,0.781842,'p4p'
0.000922,0.509374,'p4p'
0.001043,0.445867,'p4p'
0.000438,0.561123,'p4p'
0.000893,0.545892,'p4p'
0.000861,0.495216,'p4p'
0.000718,0.461470,'p4p'
0.000809,0.430588,'p4p'
0.000806,0.463229,'p4p'
0.000800,0.385186,'p4p'
0.000745,0.295886,'p4p'
0.000680,0.228620,'p4p'
0.002641,-0.073849,'p4p'
0.001989,-0.265915,'p4p'
0.004029,-0.538936,'p4p'
0.001161,-0.670962,'p4p'
0.001082,-0.512304,'p4p'
0.001547,0.047444,'p4p'
0.000670,0.292107,'p4p'
0.000711,0.416641,'p4p'
0.000240,0.780084,'p4p'
0.000705,0.729192,'p4p'
0.000355,0.722966,'p4p'
0.000868,0.408712,'p4p'
0.000813,0.289897,'p4p'
0.000525,0.684233,'p4p'
0.001277,0.956118,'p4p'
0.001406,0.775201,'p4p'
0.001497,0.688679,'p4p'
0.000388,0.364544,'p4p'
0.000413,0.473492,'p4p'
0.001230,0.448809,'p4p'
0.001296,0.442001,'p4p'
0.001618,0.473849,'p4p'
0.001619,0.464865,'p4p'
0.001587,0.465502,'p4p'
0.001552,0.493932,'p4p'
0.003517,0.145688,'p4p'
0.002861,-0.027815,'p4p'
0.003226,-0.356547,'p4p'
0.001025,-0.571472,'p4p'
0.000399,-0.785602,'p4p'
0.000962,-0.156915,'p4p'
0.000490,0.075669,'p4p'
0.000512,0.210608,'p4p'
0.000783,0.659988,'p4p'
0.000713,0.539666,'p4p'
0.000981,0.693253,'p4p'
0.000692,0.182733,'p4p'
0.000821,-0.000669,'p4p'
0.000972,0.248354,'p4p'
0.000942,0.726153,'p4p'
0.001150,0.729179,'p4p'
0.001274,0.687236,'p4p'
0.000587,0.147684,'p4p'
0.000971,0.421287,'p4p'
0.001083,0.444837,'p4p'
0.001500,0.430336,'p4p'
0.001496,0.529672,'p4p'
0.001479,0.673632,'p4p'
0.001480,0.854160,'p4p'
0.003366,0.410459,'p4p'
0.002784,0.243864,'p4p'
0.003512,-0.157970,'p4p'
0.001385,-0.411181,'p4p'
0.000811,-0.823333,'p4p'
0.001340,-0.334338,'p4p'
0.000775,-0.115367,'p4p'
0.000807,0.022502,'p4p'
0.000764,0.423747,'p4p'
0.000847,0.301896,'p4p'
0.001050,0.487960,'p4p'
0.001028,-0.018531,'p4p'
0.001079,-0.236823,'p4p'
0.000996,-0.086907,'p4p'
0.001276,0.379584,'p4p'
0.001458,0.481190,'p4p'
0.001575,0.496447,'p4p'
0.000717,-0.041967,'p4p'
0.000259,0.525538,'p4p'
0.000700,0.074199,'p4p'
0.000693,0.437923,'p4p'
0.000723,0.787481,'p4p'
0.000825,1.177959,'p4p'
0.002470,0.890667,'p4p'
0.001967,0.726377,'p4p'
0.004314,0.175668,'p4p'
0.001815,-0.141503,'p4p'
0.001550,-0.575774,'p4p'
0.002109,-0.517148,'p4p'
0.001261,-0.313702,'p4p'
0.001313,-0.173117,'p4p'
0.000673,0.162591,'p4p'
0.000995,0.053888,'p4p'
0.000886,0.226606,'p4p'
0.001500,-0.225735,'p4p'
0.001495,-0.472495,'p4p'
0.000764,-0.394092,'p4p'
0.001684,0.020203,'p4p'
0.001774,0.163139,'p4p'
0.001852,0.220975,'p4p'
0.000956,-0.227114,'p4p'
0.000653,-0.737335,'p4p'
0.000659,-0.466434,'p4p'
0.000709,-0.090967,'p4p'
0.000831,0.287345,'p4p'
0.002454,1.070245,'p4p'
0.001917,1.160885,'p4p'
0.004270,0.572132,'p4p'
0.001831,0.170205,'p4p'
0.001590,-0.294686,'p4p'
0.002172,-0.628184,'p4p'
0.001320,-0.486906,'p4p'
0.001375,-0.351997,'p4p'
0.000708,-0.057358,'p4p'
0.000927,-0.154165,'p4p'
0.000872,0.005773,'p4p'
0.001540,-0.398574,'p4p'
0.001580,-0.667810,'p4p'
0.000677,-0.614976,'p4p'
0.001610,-0.249508,'p4p'
0.001669,-0.094209,'p4p'
0.001735,-0.014640,'p4p'
0.001000,-0.347287,'p4p'
0.000036,4.423932,'p4p'
0.000113,2.188397,'p4p'
0.000280,2.221998,'p4p'
0.001932,2.301682,'p4p'
0.001308,1.612809,'p4p'
0.004635,0.516940,'p4p'
0.001807,0.076424,'p4p'
0.001821,-0.364551,'p4p'
0.002317,-0.652719,'p4p'
0.001433,-0.503033,'p4p'
0.001479,-0.370930,'p4p'
0.000843,-0.059337,'p4p'
0.001161,-0.127916,'p4p'
0.000795,0.049992,'p4p'
0.001590,-0.394426,'p4p'
0.001561,-0.657809,'p4p'
0.000787,-0.618988,'p4p'
0.001781,-0.239653,'p4p'
0.001820,-0.072964,'p4p'
0.001870,0.005977,'p4p'
0.001118,-0.371929,'p4p'
0.000095,1.118433,'p4p'
0.000270,1.612331,'p4p'
0.001923,1.766854,'p4p'
0.001307,1.255833,'p4p'
0.004651,0.341635,'p4p'
0.001814,-0.005706,'p4p'
0.001826,-0.352329,'p4p'
0.002318,-0.645479,'p4p'
0.001435,-0.579097,'p4p'
0.001480,-0.468529,'p4p'
0.000846,-0.173246,'p4p'
0.001177,-0.231925,'p4p'
0.000804,-0.047713,'p4p'
0.001594,-0.455196,'p4p'
0.001558,-0.711886,'p4p'
0.000804,-0.673431,'p4p'
0.001799,-0.340997,'p4p'
0.001842,-0.170333,'p4p'
0.001893,-0.082699,'p4p'
0.001120,-0.394045,'p4p'
0.000176,2.283516,'p4p'
0.001942,0.726144,'p4p'
0.001308,0.607997,'p4p'
0.004630,0.048481,'p4p'
0.001748,-0.162949,'p4p'
0.001783,-0.385745,'p4p'
0.002260,-0.601373,'p4p'
0.001380,-0.611222,'p4p'
0.001423,-0.533075,'p4p'
0.000810,-0.268857,'p4p'
0.001158,-0.315614,'p4p'
0.000751,-0.123954,'p4p'
0.001532,-0.480113,'p4p'
0.001485,-0.708550,'p4p'
0.000787,-0.661301,'p4p'
0.001769,-0.400030,'p4p'
0.001818,-0.232842,'p4p'
0.001871,-0.139583,'p4p'
0.001073,-0.385461,'p4p'
0.001986,-0.013752,'p4p'
0.001315,0.156178,'p4p'
0.004590,-0.141055,'p4p'
0.001627,-0.247359,'p4p'
0.001717,-0.368049,'p4p'
0.002163,-0.549444,'p4p'
0.001296,-0.632547,'p4p'
0.001335,-0.594236,'p4p'
0.000779,-0.379059,'p4p'
0.001137,-0.411865,'p4p'
0.000672,-0.218791,'p4p'
0.001429,-0.501214,'p4p'
0.001365,-0.687682,'p4p'
0.000777,-0.632430,'p4p'
0.001714,-0.468577,'p4p'
0.001769,-0.312837,'p4p'
0.001823,-0.214310,'p4p'
0.001008,-0.374171,'p4p'
0.000868,0.590555,'p4p'
0.006533,-0.082773,'p4p'
0.003521,-0.189139,'p4p'
0.003702,-0.255999,'p4p'
0.004112,-0.385435,'p4p'
0.003271,-0.570075,'p4p'
0.003305,-0.600098,'p4p'
0.002749,-0.573168,'p4p'
0.003076,-0.563857,'p4p'
0.002646,-0.426053,'p4p'
0.003382,-0.460077,'p4p'
0.003270,-0.578940,'p4p'
0.002698,-0.527609,'p4p'
0.003628,-0.548914,'p4p'
0.003628,-0.465550,'p4p'
0.003648,-0.378126,'p4p'
0.002992,-0.298294,'p4p'
0.005759,-0.249848,'p4p'
0.002739,-0.249542,'p4p'
0.002990,-0.220706,'p4p'
0.003383,-0.236074,'p4p'
0.002564,-0.451135,'p4p'
0.002597,-0.503779,'p4p'
0.002083,-0.614312,'p4p'
0.002359,-0.576757,'p4p'
0.001919,-0.492299,'p4p'
0.002640,-0.363166,'p4p'
0.002559,-0.456775,'p4p'
0.001991,-0.407763,'p4p'
0.002844,-0.492419,'p4p'
0.002831,-0.467132,'p4p'
0.002843,-0.401414,'p4p'
0.002299,-0.198486,'p4p'
0.003265,-0.262315,'p4p'
0.002990,-0.165678,'p4p'
0.002818,0.026826,'p4p'
0.003429,-0.244063,'p4p'
0.003415,-0.291732,'p4p'
0.003869,-0.487866,'p4p'
0.003474,-0.444337,'p4p'
0.003926,-0.418657,'p4p'
0.003337,-0.166169,'p4p'
0.003586,-0.292134,'p4p'
0.003850,-0.271864,'p4p'
0.002918,-0.367613,'p4p'
0.002937,-0.368220,'p4p'
0.002945,-0.321843,'p4p'
0.003645,-0.015049,'p4p'
0.000726,-0.002512,'p4p'
0.000758,0.424879,'p4p'
0.000633,0.042412,'p4p'
0.000600,0.002119,'p4p'
0.001143,-0.292986,'p4p'
0.001025,-0.252213,'p4p'
0.001028,-0.267425,'p4p'
0.000365,0.103157,'p4p'
0.000537,-0.077412,'p4p'
0.001205,-0.103777,'p4p'
0.000793,-0.219978,'p4p'
0.000949,-0.229049,'p4p'
0.001033,-0.188503,'p4p'
0.000867,0.231438,'p4p'
0.000619,0.987168,'p4p'
0.000457,0.563070,'p4p'
0.000446,0.561420,'p4p'
0.000987,0.047205,'p4p'
0.000814,0.090863,'p4p'
0.001078,0.018796,'p4p'
0.000485,0.583623,'p4p'
0.000704,0.276977,'p4p'
0.001120,0.106275,'p4p'
0.000732,-0.026901,'p4p'
0.000962,-0.022688,'p4p'
0.001086,0.025295,'p4p'
0.000712,0.572671,'p4p'
0.000887,-0.095528,'p4p'
0.000840,0.090515,'p4p'
0.001515,-0.050315,'p4p'
0.001389,-0.075939,'p4p'
0.001546,-0.070423,'p4p'
0.000753,-0.039281,'p4p'
0.000857,-0.504175,'p4p'
0.001664,-0.693760,'p4p'
0.001107,-0.406584,'p4p'
0.001316,-0.278204,'p4p'
0.001420,-0.191690,'p4p'
0.001214,-0.106893,'p4p'
0.000059,0.765442,'p4p'
0.000633,-0.020483,'p4p'
0.000649,-0.079325,'p4p'
0.000686,-0.080459,'p4p'
0.000270,0.079750,'p4p'
0.000383,0.084080,'p4p'
0.000821,-0.394455,'p4p'
0.000848,-0.634724,'p4p'
0.001048,-0.408610,'p4p'
0.001164,-0.270462,'p4p'
0.000330,0.721948,'p4p'
0.000687,-0.149569,'p4p'
0.000704,-0.238774,'p4p'
0.000731,-0.186646,'p4p'
0.000236,0.176363,'p4p'
0.000339,0.926429,'p4p'
0.000876,0.684014,'p4p'
0.000866,-0.848096,'p4p'
0.001069,-0.554012,'p4p'
0.001184,-0.384759,'p4p'
0.000384,0.789525,'p4p'
0.000485,-0.287986,'p4p'
0.000313,-0.213424,'p4p'
0.000844,0.033757,'p4p'
0.000876,0.222808,'p4p'
0.000338,1.362138,'p4p'
0.001112,2.161561,'p4p'
0.001232,-0.044201,'p4p'
0.001323,-0.015880,'p4p'
0.000305,0.313665,'p4p'
0.000538,-0.120291,'p4p'
0.000786,0.019728,'p4p'
0.000984,0.303637,'p4p'
0.000378,1.249452,'p4p'
0.000690,0.283298,'p4p'
0.000788,-0.436385,'p4p'
0.000878,-0.273098,'p4p'
0.000458,0.291932,'p4p'
0.000808,-0.032701,'p4p'
0.000847,0.157541,'p4p'
0.000318,0.671220,'p4p'
0.001062,1.455380,'p4p'
0.001150,0.874096,'p4p'
0.001225,0.429305,'p4p'
0.000407,0.184965,'p4p'
0.000322,1.542216,'p4p'
0.000971,-0.052509,'p4p'
0.000775,-0.561972,'p4p'
0.000971,-0.407693,'p4p'
0.001079,-0.291446,'p4p'
0.000546,0.594637,'p4p'
0.001078,-0.687276,'p4p'
0.001093,-0.364221,'p4p'
0.001282,-0.187564,'p4p'
0.001386,-0.056429,'p4p'
0.000610,0.458115,'p4p'
0.001013,0.040458,'p4p'
0.001073,0.186335,'p4p'
0.001142,0.321449,'p4p'
0.000519,-0.063687,'p4p'
0.000230,0.551169,'p4p'
0.000354,0.703437,'p4p'
0.000925,-0.258184,'p4p'
0.000126,0.718288,'p4p'
0.001084,-0.152598,'p4p'
0.001189,-0.065949,'p4p'
0.000155,0.113457,'orig'
0.000232,0.078231,'orig'
0.000283,0.263997,'orig'
0.000341,0.343596,'orig'
0.000370,0.701231,'orig'
0.000398,0.837826,'orig'
0.000968,0.770489,'orig'
0.001084,0.454579,'orig'
0.001191,0.527394,'orig'
0.000367,-0.116966,'orig'
0.001181,-0.489157,'orig'
0.000610,-0.801306,'orig'
0.001025,-0.891480,'orig'
0.001720,-0.634189,'orig'
0.001760,-0.372761,'orig'
0.001922,-0.431045,'orig'
0.001924,-0.420346,'orig'
0.001879,-0.445535,'orig'
0.001801,-0.421491,'orig'
0.003775,-0.315240,'orig'
0.003026,-0.271947,'orig'
0.002937,-0.220257,'orig'
0.000564,-0.075602,'orig'
0.000218,0.003492,'orig'
0.000477,0.860902,'orig'
0.000521,0.594854,'orig'
0.000495,0.609895,'orig'
0.001106,0.071622,'orig'
0.000911,0.146289,'orig'
0.001133,0.060346,'orig'
0.000430,0.698625,'orig'
0.000674,0.371437,'orig'
0.001206,0.119737,'orig'
0.000678,-0.028588,'orig'
0.000896,-0.016615,'orig'
0.001045,0.035608,'orig'
0.000812,0.585792,'orig'
0.000079,0.037042,'orig'
0.000136,0.369240,'orig'
0.000190,0.445446,'orig'
0.000220,0.907009,'orig'
0.000246,1.047526,'orig'
0.000857,0.917588,'orig'
0.000974,0.515786,'orig'
0.001085,0.594025,'orig'
0.000270,-0.134313,'orig'
0.001057,-0.517942,'orig'
0.000594,-0.788407,'orig'
0.000991,-0.796040,'orig'
0.001633,-0.578503,'orig'
0.001682,-0.351631,'orig'
0.001807,-0.402806,'orig'
0.001808,-0.414259,'orig'
0.001759,-0.458448,'orig'
0.001674,-0.449898,'orig'
0.003641,-0.375082,'orig'
0.002895,-0.351638,'orig'
0.003090,-0.346278,'orig'
0.000477,-0.282559,'orig'
0.000265,-0.183026,'orig'
0.000538,0.736981,'orig'
0.000393,0.615894,'orig'
0.000359,0.637704,'orig'
0.001003,0.068806,'orig'
0.000862,0.156013,'orig'
0.001016,0.060272,'orig'
0.000283,0.731208,'orig'
0.000521,0.438474,'orig'
0.001121,0.189457,'orig'
0.000715,-0.016276,'orig'
0.000930,-0.014024,'orig'
0.001080,0.037847,'orig'
0.000701,0.603860,'orig'
0.000059,0.781499,'orig'
0.000111,0.666257,'orig'
0.000141,1.242629,'orig'
0.000169,1.354829,'orig'
0.000827,1.118177,'orig'
0.000944,0.598402,'orig'
0.001057,0.679847,'orig'
0.000222,-0.146340,'orig'
0.000984,-0.539126,'orig'
0.000580,-0.757737,'orig'
0.000962,-0.715476,'orig'
0.001574,-0.515104,'orig'
0.001627,-0.312970,'orig'
0.001738,-0.359636,'orig'
0.001738,-0.388275,'orig'
0.001687,-0.448661,'orig'
0.001600,-0.455227,'orig'
0.003566,-0.409179,'orig'
0.002822,-0.404583,'orig'
0.003167,-0.433648,'orig'
0.000462,-0.414048,'orig'
0.000300,-0.181036,'orig'
0.000597,0.655090,'orig'
0.000322,0.637165,'orig'
0.000285,0.668268,'orig'
0.000939,0.075804,'orig'
0.000826,0.173772,'orig'
0.000949,0.067023,'orig'
0.000215,0.757265,'orig'
0.000451,0.503241,'orig'
0.001067,0.268163,'orig'
0.000734,0.005857,'orig'
0.000945,-0.003307,'orig'
0.001095,0.046816,'orig'
0.000635,0.618806,'orig'
0.000059,0.576887,'orig'
0.000087,1.444540,'orig'
0.000121,1.541854,'orig'
0.000830,1.197506,'orig'
0.000948,0.568643,'orig'
0.001061,0.665525,'orig'
0.000179,-0.212721,'orig'
0.000925,-0.577949,'orig'
0.000558,-0.694877,'orig'
0.000928,-0.606793,'orig'
0.001519,-0.420791,'orig'
0.001574,-0.244852,'orig'
0.001680,-0.288901,'orig'
0.001680,-0.338771,'orig'
0.001629,-0.420750,'orig'
0.001543,-0.449629,'orig'
0.003509,-0.441671,'orig'
0.002768,-0.463143,'orig'
0.003219,-0.527032,'orig'
0.000474,-0.525541,'orig'
0.000319,-0.033753,'orig'
0.000651,0.619121,'orig'
0.000263,0.633453,'orig'
0.000226,0.661097,'orig'
0.000881,0.055651,'orig'
0.000786,0.162383,'orig'
0.000893,0.049946,'orig'
0.000180,0.750388,'orig'
0.000417,0.541475,'orig'
0.001016,0.339754,'orig'
0.000741,0.015411,'orig'
0.000950,-0.008077,'orig'
0.001100,0.039346,'orig'
0.000577,0.625653,'orig'
0.000038,2.256694,'orig'
0.000071,2.180510,'orig'
0.000797,1.468309,'orig'
0.000916,0.566274,'orig'
0.001029,0.686256,'orig'
0.000189,-0.291643,'orig'
0.000883,-0.600241,'orig'
0.000579,-0.590348,'orig'
0.000934,-0.469692,'orig'
0.001493,-0.294457,'orig'
0.001550,-0.144368,'orig'
0.001639,-0.184834,'orig'
0.001638,-0.256462,'orig'
0.001585,-0.361573,'orig'
0.001495,-0.416804,'orig'
0.003458,-0.457838,'orig'
0.002717,-0.516301,'orig'
0.003275,-0.621747,'orig'
0.000460,-0.614175,'orig'
0.000373,0.074729,'orig'
0.000690,0.580882,'orig'
0.000230,0.634765,'orig'
0.000187,0.661566,'orig'
0.000850,0.044307,'orig'
0.000780,0.163364,'orig'
0.000852,0.039470,'orig'
0.000134,0.747763,'orig'
0.000364,0.596392,'orig'
0.000990,0.448303,'orig'
0.000766,0.044011,'orig'
0.000970,-0.001639,'orig'
0.001118,0.040322,'orig'
0.000545,0.634605,'orig'
0.000041,1.822048,'orig'
0.000800,0.941797,'orig'
0.000914,0.132604,'orig'
0.001029,0.336965,'orig'
0.000188,-0.455273,'orig'
0.000854,-0.572689,'orig'
0.000566,-0.430629,'orig'
0.000911,-0.292803,'orig'
0.001467,-0.127636,'orig'
0.001529,0.000745,'orig'
0.001617,-0.041419,'orig'
0.001615,-0.139011,'orig'
0.001562,-0.272859,'orig'
0.001472,-0.361152,'orig'
0.003434,-0.458350,'orig'
0.002699,-0.565803,'orig'
0.003306,-0.705751,'orig'
0.000485,-0.601329,'orig'
0.000386,0.390817,'orig'
0.000711,0.618262,'orig'
0.000202,0.603625,'orig'
0.000155,0.596915,'orig'
0.000827,-0.030339,'orig'
0.000777,0.094576,'orig'
0.000835,-0.026175,'orig'
0.000145,0.698077,'orig'
0.000341,0.595794,'orig'
0.000978,0.497500,'orig'
0.000793,0.031448,'orig'
0.000997,-0.036149,'orig'
0.001145,0.000000,'orig'
0.000522,0.632140,'orig'
0.000771,0.503331,'orig'
0.000881,-0.201045,'orig'
0.000997,0.088858,'orig'
0.000223,-0.499599,'orig'
0.000846,-0.463634,'orig'
0.000587,-0.275485,'orig'
0.000922,-0.141760,'orig'
0.001470,0.006817,'orig'
0.001537,0.111588,'orig'
0.001614,0.070438,'orig'
0.001611,-0.046040,'orig'
0.001557,-0.199426,'orig'
0.001464,-0.311460,'orig'
0.003421,-0.453390,'orig'
0.002688,-0.600273,'orig'
0.003335,-0.749706,'orig'
0.000486,-0.541503,'orig'
0.000418,0.542667,'orig'
0.000715,0.625062,'orig'
0.000207,0.594668,'orig'
0.000153,0.570413,'orig'
0.000831,-0.075335,'orig'
0.000803,0.057260,'orig'
0.000837,-0.067882,'orig'
0.000147,0.675767,'orig'
0.000302,0.617492,'orig'
0.000992,0.564134,'orig'
0.000831,0.035769,'orig'
0.001033,-0.053653,'orig'
0.001180,-0.023012,'orig'
0.000527,0.635369,'orig'
0.000206,-0.519521,'orig'
0.000263,-0.125949,'orig'
0.000981,-0.348635,'orig'
0.001321,-0.212664,'orig'
0.001348,-0.019904,'orig'
0.001648,0.084369,'orig'
0.002040,0.189328,'orig'
0.002116,0.245132,'orig'
0.001977,0.213442,'orig'
0.001970,0.076927,'orig'
0.001892,-0.093973,'orig'
0.001745,-0.231249,'orig'
0.003510,-0.431625,'orig'
0.002754,-0.622333,'orig'
0.003632,-0.745783,'orig'
0.000568,-0.462147,'orig'
0.001114,0.534231,'orig'
0.000939,0.590643,'orig'
0.000929,0.617180,'orig'
0.000879,0.593024,'orig'
0.001405,-0.085650,'orig'
0.001454,0.065526,'orig'
0.001277,-0.085954,'orig'
0.000722,0.685866,'orig'
0.000588,0.700681,'orig'
0.001540,0.747116,'orig'
0.001344,0.095858,'orig'
0.001491,-0.038356,'orig'
0.001591,-0.019656,'orig'
0.001153,0.654962,'orig'
0.000128,1.380787,'orig'
0.001100,-0.249799,'orig'
0.001405,-0.092979,'orig'
0.001430,0.100661,'orig'
0.001709,0.186022,'orig'
0.002120,0.263167,'orig'
0.002217,0.292243,'orig'
0.002074,0.274236,'orig'
0.002064,0.139113,'orig'
0.001984,-0.027404,'orig'
0.001835,-0.164430,'orig'
0.003563,-0.386106,'orig'
0.002833,-0.583291,'orig'
0.003723,-0.721378,'orig'
0.000754,-0.503273,'orig'
0.001218,0.290224,'orig'
0.000992,0.503334,'orig'
0.001037,0.642836,'orig'
0.000984,0.664948,'orig'
0.001511,0.043554,'orig'
0.001602,0.210165,'orig'
0.001406,0.013486,'orig'
0.000860,0.725262,'orig'
0.000671,0.766899,'orig'
0.001678,0.951312,'orig'
0.001521,0.244747,'orig'
0.001679,0.068646,'orig'
0.001784,0.071326,'orig'
0.001264,0.665638,'orig'
0.001214,0.208598,'orig'
0.001502,0.227419,'orig'
0.001554,0.350831,'orig'
0.001834,0.383057,'orig'
0.002220,0.409763,'orig'
0.002313,0.396776,'orig'
0.002144,0.387256,'orig'
0.002135,0.238837,'orig'
0.002052,0.062088,'orig'
0.001898,-0.091329,'orig'
0.003585,-0.351122,'orig'
0.002852,-0.569202,'orig'
0.003779,-0.669435,'orig'
0.000827,-0.417374,'orig'
0.001333,0.367778,'orig'
0.001086,0.508893,'orig'
0.001152,0.642601,'orig'
0.001100,0.652204,'orig'
0.001612,0.019821,'orig'
0.001701,0.198029,'orig'
0.001490,-0.019439,'orig'
0.000966,0.714024,'orig'
0.000786,0.797780,'orig'
0.001767,1.062296,'orig'
0.001603,0.288535,'orig'
0.001751,0.071261,'orig'
0.001849,0.061146,'orig'
0.001371,0.673369,'orig'
0.000818,0.287149,'orig'
0.000430,0.447294,'orig'
0.000790,0.458157,'orig'
0.001367,0.458898,'orig'
0.001413,0.435351,'orig'
0.001561,0.449219,'orig'
0.001562,0.332958,'orig'
0.001518,0.194119,'orig'
0.001447,0.077202,'orig'
0.003426,-0.200990,'orig'
0.002694,-0.408522,'orig'
0.003251,-0.625984,'orig'
0.000601,-0.610028,'orig'
0.000300,-0.179540,'orig'
0.000794,0.263725,'orig'
0.000183,0.515075,'orig'
0.000191,0.620422,'orig'
0.000741,0.568390,'orig'
0.000625,0.663215,'orig'
0.000787,0.447284,'orig'
0.000273,0.624162,'orig'
0.000503,0.599122,'orig'
0.000871,1.077305,'orig'
0.000687,0.781474,'orig'
0.000894,0.509078,'orig'
0.001050,0.445210,'orig'
0.000446,0.560580,'orig'
0.000887,0.546463,'orig'
0.000848,0.495715,'orig'
0.000723,0.462014,'orig'
0.000821,0.431219,'orig'
0.000814,0.463414,'orig'
0.000805,0.385391,'orig'
0.000755,0.296070,'orig'
0.000695,0.228964,'orig'
0.002651,-0.073566,'orig'
0.001988,-0.265636,'orig'
0.004029,-0.538689,'orig'
0.001158,-0.670935,'orig'
0.001084,-0.512763,'orig'
0.001549,0.047014,'orig'
0.000666,0.291546,'orig'
0.000706,0.416123,'orig'
0.000242,0.779449,'orig'
0.000711,0.728773,'orig'
0.000356,0.722532,'orig'
0.000861,0.408411,'orig'
0.000801,0.289357,'orig'
0.000532,0.683631,'orig'
0.001264,0.955650,'orig'
0.001387,0.774856,'orig'
0.001508,0.688008,'orig'
0.000387,0.364018,'orig'
0.000418,0.473847,'orig'
0.001237,0.449296,'orig'
0.001311,0.442609,'orig'
0.001620,0.473773,'orig'
0.001618,0.464840,'orig'
0.001591,0.465485,'orig'
0.001560,0.494171,'orig'
0.003521,0.145964,'orig'
0.002852,-0.027532,'orig'
0.003230,-0.356195,'orig'
0.001022,-0.571099,'orig'
0.000400,-0.785925,'orig'
0.000968,-0.157357,'orig'
0.000485,0.075171,'orig'
0.000509,0.210190,'orig'
0.000780,0.659530,'orig'
0.000706,0.539344,'orig'
0.000970,0.692907,'orig'
0.000690,0.182459,'orig'
0.000819,-0.001170,'orig'
0.000961,0.247729,'orig'
0.000920,0.725629,'orig'
0.001121,0.728788,'orig'
0.001281,0.686606,'orig'
0.000584,0.147153,'orig'
0.000969,0.421898,'orig'
0.001086,0.445555,'orig'
0.001491,0.430016,'orig'
0.001485,0.529457,'orig'
0.001473,0.673476,'orig'
0.001479,0.854385,'orig'
0.003360,0.410813,'orig'
0.002767,0.244206,'orig'
0.003524,-0.157512,'orig'
0.001383,-0.410611,'orig'
0.000818,-0.822864,'orig'
0.001352,-0.334772,'orig'
0.000770,-0.115782,'orig'
0.000804,0.022193,'orig'
0.000753,0.423455,'orig'
0.000840,0.301674,'orig'
0.001035,0.487711,'orig'
0.001026,-0.018761,'orig'
0.001074,-0.237253,'orig'
0.000981,-0.087481,'orig'
0.001258,0.379108,'orig'
0.001432,0.480823,'orig'
0.001584,0.495912,'orig'
0.000710,-0.042479,'orig'
0.000258,0.526343,'orig'
0.000693,0.073080,'orig'
0.000687,0.437154,'orig'
0.000721,0.787001,'orig'
0.000828,1.178018,'orig'
0.002467,0.891134,'orig'
0.001953,0.726815,'orig'
0.004325,0.176280,'orig'
0.001819,-0.140744,'orig'
0.001562,-0.575101,'orig'
0.002123,-0.517660,'orig'
0.001266,-0.314087,'orig'
0.001317,-0.173367,'orig'
0.000679,0.162420,'orig'
0.001011,0.053727,'orig'
0.000892,0.226425,'orig'
0.001503,-0.225978,'orig'
0.001494,-0.472917,'orig'
0.000777,-0.394677,'orig'
0.001680,0.019743,'orig'
0.001765,0.162777,'orig'
0.001869,0.220516,'orig'
0.000962,-0.227667,'orig'
0.000646,-0.736129,'orig'
0.000653,-0.466631,'orig'
0.000706,-0.090998,'orig'
0.000833,0.287429,'orig'
0.002445,1.070893,'orig'
0.001900,1.161504,'orig'
0.004290,0.572981,'orig'
0.001843,0.171176,'orig'
0.001610,-0.293936,'orig'
0.002193,-0.628838,'orig'
0.001331,-0.487332,'orig'
0.001387,-0.352242,'orig'
0.000721,-0.057456,'orig'
0.000953,-0.154300,'orig'
0.000887,0.005626,'orig'
0.001550,-0.398894,'orig'
0.001585,-0.668320,'orig'
0.000700,-0.615615,'orig'
0.001619,-0.249977,'orig'
0.001673,-0.094583,'orig'
0.001761,-0.015067,'orig'
0.001015,-0.347911,'orig'
0.000035,4.424974,'orig'
0.000113,2.189029,'orig'
0.000282,2.222804,'orig'
0.001935,2.302863,'orig'
0.001300,1.613441,'orig'
0.004642,0.517493,'orig'
0.001812,0.077006,'orig'
0.001829,-0.364218,'orig'
0.002327,-0.653142,'orig'
0.001436,-0.503213,'orig'
0.001481,-0.370966,'orig'
0.000848,-0.059342,'orig'
0.001176,-0.127924,'orig'
0.000809,0.049932,'orig'
0.001590,-0.394502,'orig'
0.001557,-0.658034,'orig'
0.000805,-0.619346,'orig'
0.001782,-0.239916,'orig'
0.001817,-0.073182,'orig'
0.001885,0.005679,'orig'
0.001123,-0.372348,'orig'
0.000092,1.118966,'orig'
0.000268,1.612996,'orig'
0.001928,1.767951,'orig'
0.001300,1.256389,'orig'
0.004654,0.342122,'orig'
0.001814,-0.005193,'orig'
0.001830,-0.352081,'orig'
0.002324,-0.645984,'orig'
0.001434,-0.579373,'orig'
0.001478,-0.468630,'orig'
0.000847,-0.173257,'orig'
0.001188,-0.231948,'orig'
0.000813,-0.047779,'orig'
0.001590,-0.455338,'orig'
0.001550,-0.712232,'orig'
0.000819,-0.673866,'orig'
0.001796,-0.341295,'orig'
0.001835,-0.170574,'orig'
0.001905,-0.083019,'orig'
0.001122,-0.394505,'orig'
0.000178,2.284508,'orig'
0.001943,0.726901,'orig'
0.001297,0.608359,'orig'
0.004637,0.048825,'orig'
0.001752,-0.162569,'orig'
0.001792,-0.385613,'orig'
0.002271,-0.601871,'orig'
0.001385,-0.611590,'orig'
0.001427,-0.533266,'orig'
0.000817,-0.268910,'orig'
0.001173,-0.315678,'orig'
0.000765,-0.124052,'orig'
0.001533,-0.480312,'orig'
0.001483,-0.708975,'orig'
0.000805,-0.661746,'orig'
0.001769,-0.400368,'orig'
0.001813,-0.233114,'orig'
0.001885,-0.139942,'orig'
0.001080,-0.385925,'orig'
0.001982,-0.013150,'orig'
0.001298,0.156523,'orig'
0.004601,-0.140700,'orig'
0.001634,-0.246975,'orig'
0.001732,-0.367906,'orig'
0.002178,-0.549966,'orig'
0.001305,-0.633067,'orig'
0.001343,-0.594595,'orig'
0.000790,-0.379174,'orig'
0.001155,-0.412007,'orig'
0.000689,-0.218938,'orig'
0.001434,-0.501535,'orig'
0.001366,-0.688201,'orig'
0.000797,-0.632911,'orig'
0.001716,-0.469020,'orig'
0.001766,-0.313189,'orig'
0.001839,-0.214748,'orig'
0.001019,-0.374687,'orig'
0.000878,0.590487,'orig'
0.006540,-0.082583,'orig'
0.003527,-0.188898,'orig'
0.003713,-0.255947,'orig'
0.004123,-0.385892,'orig'
0.003277,-0.570610,'orig'
0.003310,-0.600594,'orig'
0.002756,-0.573455,'orig'
0.003092,-0.564136,'orig'
0.002661,-0.426308,'orig'
0.003384,-0.460431,'orig'
0.003269,-0.579371,'orig'
0.002718,-0.527935,'orig'
0.003633,-0.549337,'orig'
0.003632,-0.465934,'orig'
0.003663,-0.378619,'orig'
0.003000,-0.298765,'orig'
0.005755,-0.249779,'orig'
0.002732,-0.249455,'orig'
0.002988,-0.220777,'orig'
0.003381,-0.236555,'orig'
0.002558,-0.451674,'orig'
0.002589,-0.504307,'orig'
0.002078,-0.614720,'orig'
0.002362,-0.577101,'orig'
0.001922,-0.492607,'orig'
0.002629,-0.363536,'orig'
0.002545,-0.457207,'orig'
0.001997,-0.408087,'orig'
0.002839,-0.492796,'orig'
0.002825,-0.467494,'orig'
0.002846,-0.401916,'orig'
0.002294,-0.198961,'orig'
0.003265,-0.262257,'orig'
0.002987,-0.165753,'orig'
0.002816,0.026357,'orig'
0.003430,-0.244585,'orig'
0.003418,-0.292246,'orig'
0.003870,-0.488354,'orig'
0.003466,-0.444719,'orig'
0.003921,-0.419040,'orig'
0.003342,-0.166503,'orig'
0.003594,-0.292534,'orig'
0.003838,-0.272163,'orig'
0.002920,-0.367951,'orig'
0.002935,-0.368564,'orig'
0.002938,-0.322347,'orig'
0.003646,-0.015506,'orig'
0.000727,-0.002487,'orig'
0.000760,0.424476,'orig'
0.000634,0.041930,'orig'
0.000601,0.001649,'orig'
0.001141,-0.293473,'orig'
0.001017,-0.252580,'orig'
0.001018,-0.267820,'orig'
0.000366,0.102905,'orig'
0.000541,-0.077749,'orig'
0.001193,-0.104026,'orig'
0.000779,-0.220276,'orig'
0.000926,-0.229364,'orig'
0.001032,-0.188988,'orig'
0.000865,0.231021,'orig'
0.000623,0.986708,'orig'
0.000460,0.562495,'orig'
0.000451,0.560906,'orig'
0.000990,0.046719,'orig'
0.000807,0.090484,'orig'
0.001072,0.018402,'orig'
0.000491,0.583405,'orig'
0.000712,0.276565,'orig'
0.001111,0.105908,'orig'
0.000708,-0.027254,'orig'
0.000930,-0.023030,'orig'
0.001089,0.024799,'orig'
0.000715,0.572180,'orig'
0.000895,-0.095881,'orig'
0.000848,0.090208,'orig'
0.001520,-0.050677,'orig'
0.001384,-0.076313,'orig'
0.001542,-0.070796,'orig'
0.000762,-0.039420,'orig'
0.000870,-0.504481,'orig'
0.001658,-0.694247,'orig'
0.001090,-0.407067,'orig'
0.001291,-0.278658,'orig'
0.001421,-0.192138,'orig'
0.001218,-0.107336,'orig'
0.000060,0.765231,'orig'
0.000631,-0.020879,'orig'
0.000641,-0.079772,'orig'
0.000675,-0.080875,'orig'
0.000270,0.080104,'orig'
0.000385,0.083747,'orig'
0.000810,-0.393912,'orig'
0.000826,-0.635276,'orig'
0.001019,-0.409111,'orig'
0.001168,-0.270940,'orig'
0.000327,0.721697,'orig'
0.000684,-0.149960,'orig'
0.000697,-0.239266,'orig'
0.000719,-0.187086,'orig'
0.000236,0.176461,'orig'
0.000340,0.926207,'orig'
0.000865,0.684914,'orig'
0.000845,-0.848592,'orig'
0.001041,-0.554528,'orig'
0.001190,-0.385271,'orig'
0.000381,0.789274,'orig'
0.000491,-0.287971,'orig'
0.000310,-0.213748,'orig'
0.000839,0.033527,'orig'
0.000870,0.222400,'orig'
0.000339,1.362038,'orig'
0.001099,2.163260,'orig'
0.001212,-0.043450,'orig'
0.001333,-0.016248,'orig'
0.000305,0.313323,'orig'
0.000541,-0.120615,'orig'
0.000776,0.019367,'orig'
0.000977,0.303196,'orig'
0.000375,1.249334,'orig'
0.000672,0.283643,'orig'
0.000762,-0.436447,'orig'
0.000882,-0.273685,'orig'
0.000458,0.291510,'orig'
0.000794,-0.033057,'orig'
0.000830,0.157131,'orig'
0.000322,0.670984,'orig'
0.001048,1.455580,'orig'
0.001132,0.874579,'orig'
0.001232,0.428715,'orig'
0.000399,0.184577,'orig'
0.000323,1.543006,'orig'
0.000958,-0.052023,'orig'
0.000757,-0.562491,'orig'
0.000945,-0.408266,'orig'
0.001084,-0.291906,'orig'
0.000541,0.594248,'orig'
0.001066,-0.687374,'orig'
0.001076,-0.364786,'orig'
0.001257,-0.188076,'orig'
0.001391,-0.056929,'orig'
0.000604,0.457641,'orig'
0.000994,0.040056,'orig'
0.001048,0.185967,'orig'
0.001141,0.321062,'orig'
0.000513,-0.064080,'orig'
0.000223,0.550888,'orig'
0.000381,0.703132,'orig'
0.000909,-0.258709,'orig'
0.000162,0.717631,'orig'
0.001060,-0.153110,'orig'
0.001197,-0.066361,'orig'
